sample	r1	r2
zr23059_100	/lunarc/nobackup/projects/snic2019-34-3/shared_elhaik_lab1/Projects/Microbiome/Malmo2025/fastq_files/zr23059_100_R1.fastq.gz	/lunarc/nobackup/projects/snic2019-34-3/shared_elhaik_lab1/Projects/Microbiome/Malmo2025/fastq_files/zr23059_100_R2.fastq.gz
zr23059_101	/lunarc/nobackup/projects/snic2019-34-3/shared_elhaik_lab1/Projects/Microbiome/Malmo2025/fastq_files/zr23059_101_R1.fastq.gz	/lunarc/nobackup/projects/snic2019-34-3/shared_elhaik_lab1/Projects/Microbiome/Malmo2025/fastq_files/zr23059_101_R2.fastq.gz
zr23059_102	/lunarc/nobackup/projects/snic2019-34-3/shared_elhaik_lab1/Projects/Microbiome/Malmo2025/fastq_files/zr23059_102_R1.fastq.gz	/lunarc/nobackup/projects/snic2019-34-3/shared_elhaik_lab1/Projects/Microbiome/Malmo2025/fastq_files/zr23059_102_R2.fastq.gz
zr23059_103	/lunarc/nobackup/projects/snic2019-34-3/shared_elhaik_lab1/Projects/Microbiome/Malmo2025/fastq_files/zr23059_103_R1.fastq.gz	/lunarc/nobackup/projects/snic2019-34-3/shared_elhaik_lab1/Projects/Microbiome/Malmo2025/fastq_files/zr23059_103_R2.fastq.gz
zr23059_104	/lunarc/nobackup/projects/snic2019-34-3/shared_elhaik_lab1/Projects/Microbiome/Malmo2025/fastq_files/zr23059_104_R1.fastq.gz	/lunarc/nobackup/projects/snic2019-34-3/shared_elhaik_lab1/Projects/Microbiome/Malmo2025/fastq_files/zr23059_104_R2.fastq.gz
zr23059_105	/lunarc/nobackup/projects/snic2019-34-3/shared_elhaik_lab1/Projects/Microbiome/Malmo2025/fastq_files/zr23059_105_R1.fastq.gz	/lunarc/nobackup/projects/snic2019-34-3/shared_elhaik_lab1/Projects/Microbiome/Malmo2025/fastq_files/zr23059_105_R2.fastq.gz
zr23059_106	/lunarc/nobackup/projects/snic2019-34-3/shared_elhaik_lab1/Projects/Microbiome/Malmo2025/fastq_files/zr23059_106_R1.fastq.gz	/lunarc/nobackup/projects/snic2019-34-3/shared_elhaik_lab1/Projects/Microbiome/Malmo2025/fastq_files/zr23059_106_R2.fastq.gz
zr23059_107	/lunarc/nobackup/projects/snic2019-34-3/shared_elhaik_lab1/Projects/Microbiome/Malmo2025/fastq_files/zr23059_107_R1.fastq.gz	/lunarc/nobackup/projects/snic2019-34-3/shared_elhaik_lab1/Projects/Microbiome/Malmo2025/fastq_files/zr23059_107_R2.fastq.gz
zr23059_108	/lunarc/nobackup/projects/snic2019-34-3/shared_elhaik_lab1/Projects/Microbiome/Malmo2025/fastq_files/zr23059_108_R1.fastq.gz	/lunarc/nobackup/projects/snic2019-34-3/shared_elhaik_lab1/Projects/Microbiome/Malmo2025/fastq_files/zr23059_108_R2.fastq.gz
zr23059_109	/lunarc/nobackup/projects/snic2019-34-3/shared_elhaik_lab1/Projects/Microbiome/Malmo2025/fastq_files/zr23059_109_R1.fastq.gz	/lunarc/nobackup/projects/snic2019-34-3/shared_elhaik_lab1/Projects/Microbiome/Malmo2025/fastq_files/zr23059_109_R2.fastq.gz
zr23059_10	/lunarc/nobackup/projects/snic2019-34-3/shared_elhaik_lab1/Projects/Microbiome/Malmo2025/fastq_files/zr23059_10_R1.fastq.gz	/lunarc/nobackup/projects/snic2019-34-3/shared_elhaik_lab1/Projects/Microbiome/Malmo2025/fastq_files/zr23059_10_R2.fastq.gz
zr23059_110	/lunarc/nobackup/projects/snic2019-34-3/shared_elhaik_lab1/Projects/Microbiome/Malmo2025/fastq_files/zr23059_110_R1.fastq.gz	/lunarc/nobackup/projects/snic2019-34-3/shared_elhaik_lab1/Projects/Microbiome/Malmo2025/fastq_files/zr23059_110_R2.fastq.gz
zr23059_111	/lunarc/nobackup/projects/snic2019-34-3/shared_elhaik_lab1/Projects/Microbiome/Malmo2025/fastq_files/zr23059_111_R1.fastq.gz	/lunarc/nobackup/projects/snic2019-34-3/shared_elhaik_lab1/Projects/Microbiome/Malmo2025/fastq_files/zr23059_111_R2.fastq.gz
zr23059_112	/lunarc/nobackup/projects/snic2019-34-3/shared_elhaik_lab1/Projects/Microbiome/Malmo2025/fastq_files/zr23059_112_R1.fastq.gz	/lunarc/nobackup/projects/snic2019-34-3/shared_elhaik_lab1/Projects/Microbiome/Malmo2025/fastq_files/zr23059_112_R2.fastq.gz
zr23059_113	/lunarc/nobackup/projects/snic2019-34-3/shared_elhaik_lab1/Projects/Microbiome/Malmo2025/fastq_files/zr23059_113_R1.fastq.gz	/lunarc/nobackup/projects/snic2019-34-3/shared_elhaik_lab1/Projects/Microbiome/Malmo2025/fastq_files/zr23059_113_R2.fastq.gz
zr23059_114	/lunarc/nobackup/projects/snic2019-34-3/shared_elhaik_lab1/Projects/Microbiome/Malmo2025/fastq_files/zr23059_114_R1.fastq.gz	/lunarc/nobackup/projects/snic2019-34-3/shared_elhaik_lab1/Projects/Microbiome/Malmo2025/fastq_files/zr23059_114_R2.fastq.gz
zr23059_115	/lunarc/nobackup/projects/snic2019-34-3/shared_elhaik_lab1/Projects/Microbiome/Malmo2025/fastq_files/zr23059_115_R1.fastq.gz	/lunarc/nobackup/projects/snic2019-34-3/shared_elhaik_lab1/Projects/Microbiome/Malmo2025/fastq_files/zr23059_115_R2.fastq.gz
zr23059_116	/lunarc/nobackup/projects/snic2019-34-3/shared_elhaik_lab1/Projects/Microbiome/Malmo2025/fastq_files/zr23059_116_R1.fastq.gz	/lunarc/nobackup/projects/snic2019-34-3/shared_elhaik_lab1/Projects/Microbiome/Malmo2025/fastq_files/zr23059_116_R2.fastq.gz
zr23059_117	/lunarc/nobackup/projects/snic2019-34-3/shared_elhaik_lab1/Projects/Microbiome/Malmo2025/fastq_files/zr23059_117_R1.fastq.gz	/lunarc/nobackup/projects/snic2019-34-3/shared_elhaik_lab1/Projects/Microbiome/Malmo2025/fastq_files/zr23059_117_R2.fastq.gz
zr23059_118	/lunarc/nobackup/projects/snic2019-34-3/shared_elhaik_lab1/Projects/Microbiome/Malmo2025/fastq_files/zr23059_118_R1.fastq.gz	/lunarc/nobackup/projects/snic2019-34-3/shared_elhaik_lab1/Projects/Microbiome/Malmo2025/fastq_files/zr23059_118_R2.fastq.gz
zr23059_119	/lunarc/nobackup/projects/snic2019-34-3/shared_elhaik_lab1/Projects/Microbiome/Malmo2025/fastq_files/zr23059_119_R1.fastq.gz	/lunarc/nobackup/projects/snic2019-34-3/shared_elhaik_lab1/Projects/Microbiome/Malmo2025/fastq_files/zr23059_119_R2.fastq.gz
zr23059_11	/lunarc/nobackup/projects/snic2019-34-3/shared_elhaik_lab1/Projects/Microbiome/Malmo2025/fastq_files/zr23059_11_R1.fastq.gz	/lunarc/nobackup/projects/snic2019-34-3/shared_elhaik_lab1/Projects/Microbiome/Malmo2025/fastq_files/zr23059_11_R2.fastq.gz
zr23059_120	/lunarc/nobackup/projects/snic2019-34-3/shared_elhaik_lab1/Projects/Microbiome/Malmo2025/fastq_files/zr23059_120_R1.fastq.gz	/lunarc/nobackup/projects/snic2019-34-3/shared_elhaik_lab1/Projects/Microbiome/Malmo2025/fastq_files/zr23059_120_R2.fastq.gz
zr23059_121	/lunarc/nobackup/projects/snic2019-34-3/shared_elhaik_lab1/Projects/Microbiome/Malmo2025/fastq_files/zr23059_121_R1.fastq.gz	/lunarc/nobackup/projects/snic2019-34-3/shared_elhaik_lab1/Projects/Microbiome/Malmo2025/fastq_files/zr23059_121_R2.fastq.gz
zr23059_122	/lunarc/nobackup/projects/snic2019-34-3/shared_elhaik_lab1/Projects/Microbiome/Malmo2025/fastq_files/zr23059_122_R1.fastq.gz	/lunarc/nobackup/projects/snic2019-34-3/shared_elhaik_lab1/Projects/Microbiome/Malmo2025/fastq_files/zr23059_122_R2.fastq.gz
zr23059_123	/lunarc/nobackup/projects/snic2019-34-3/shared_elhaik_lab1/Projects/Microbiome/Malmo2025/fastq_files/zr23059_123_R1.fastq.gz	/lunarc/nobackup/projects/snic2019-34-3/shared_elhaik_lab1/Projects/Microbiome/Malmo2025/fastq_files/zr23059_123_R2.fastq.gz
zr23059_124	/lunarc/nobackup/projects/snic2019-34-3/shared_elhaik_lab1/Projects/Microbiome/Malmo2025/fastq_files/zr23059_124_R1.fastq.gz	/lunarc/nobackup/projects/snic2019-34-3/shared_elhaik_lab1/Projects/Microbiome/Malmo2025/fastq_files/zr23059_124_R2.fastq.gz
zr23059_125	/lunarc/nobackup/projects/snic2019-34-3/shared_elhaik_lab1/Projects/Microbiome/Malmo2025/fastq_files/zr23059_125_R1.fastq.gz	/lunarc/nobackup/projects/snic2019-34-3/shared_elhaik_lab1/Projects/Microbiome/Malmo2025/fastq_files/zr23059_125_R2.fastq.gz
zr23059_126	/lunarc/nobackup/projects/snic2019-34-3/shared_elhaik_lab1/Projects/Microbiome/Malmo2025/fastq_files/zr23059_126_R1.fastq.gz	/lunarc/nobackup/projects/snic2019-34-3/shared_elhaik_lab1/Projects/Microbiome/Malmo2025/fastq_files/zr23059_126_R2.fastq.gz
zr23059_127	/lunarc/nobackup/projects/snic2019-34-3/shared_elhaik_lab1/Projects/Microbiome/Malmo2025/fastq_files/zr23059_127_R1.fastq.gz	/lunarc/nobackup/projects/snic2019-34-3/shared_elhaik_lab1/Projects/Microbiome/Malmo2025/fastq_files/zr23059_127_R2.fastq.gz
zr23059_128	/lunarc/nobackup/projects/snic2019-34-3/shared_elhaik_lab1/Projects/Microbiome/Malmo2025/fastq_files/zr23059_128_R1.fastq.gz	/lunarc/nobackup/projects/snic2019-34-3/shared_elhaik_lab1/Projects/Microbiome/Malmo2025/fastq_files/zr23059_128_R2.fastq.gz
zr23059_129	/lunarc/nobackup/projects/snic2019-34-3/shared_elhaik_lab1/Projects/Microbiome/Malmo2025/fastq_files/zr23059_129_R1.fastq.gz	/lunarc/nobackup/projects/snic2019-34-3/shared_elhaik_lab1/Projects/Microbiome/Malmo2025/fastq_files/zr23059_129_R2.fastq.gz
zr23059_12	/lunarc/nobackup/projects/snic2019-34-3/shared_elhaik_lab1/Projects/Microbiome/Malmo2025/fastq_files/zr23059_12_R1.fastq.gz	/lunarc/nobackup/projects/snic2019-34-3/shared_elhaik_lab1/Projects/Microbiome/Malmo2025/fastq_files/zr23059_12_R2.fastq.gz
zr23059_130	/lunarc/nobackup/projects/snic2019-34-3/shared_elhaik_lab1/Projects/Microbiome/Malmo2025/fastq_files/zr23059_130_R1.fastq.gz	/lunarc/nobackup/projects/snic2019-34-3/shared_elhaik_lab1/Projects/Microbiome/Malmo2025/fastq_files/zr23059_130_R2.fastq.gz
zr23059_131	/lunarc/nobackup/projects/snic2019-34-3/shared_elhaik_lab1/Projects/Microbiome/Malmo2025/fastq_files/zr23059_131_R1.fastq.gz	/lunarc/nobackup/projects/snic2019-34-3/shared_elhaik_lab1/Projects/Microbiome/Malmo2025/fastq_files/zr23059_131_R2.fastq.gz
zr23059_132	/lunarc/nobackup/projects/snic2019-34-3/shared_elhaik_lab1/Projects/Microbiome/Malmo2025/fastq_files/zr23059_132_R1.fastq.gz	/lunarc/nobackup/projects/snic2019-34-3/shared_elhaik_lab1/Projects/Microbiome/Malmo2025/fastq_files/zr23059_132_R2.fastq.gz
zr23059_133	/lunarc/nobackup/projects/snic2019-34-3/shared_elhaik_lab1/Projects/Microbiome/Malmo2025/fastq_files/zr23059_133_R1.fastq.gz	/lunarc/nobackup/projects/snic2019-34-3/shared_elhaik_lab1/Projects/Microbiome/Malmo2025/fastq_files/zr23059_133_R2.fastq.gz
zr23059_134	/lunarc/nobackup/projects/snic2019-34-3/shared_elhaik_lab1/Projects/Microbiome/Malmo2025/fastq_files/zr23059_134_R1.fastq.gz	/lunarc/nobackup/projects/snic2019-34-3/shared_elhaik_lab1/Projects/Microbiome/Malmo2025/fastq_files/zr23059_134_R2.fastq.gz
zr23059_135	/lunarc/nobackup/projects/snic2019-34-3/shared_elhaik_lab1/Projects/Microbiome/Malmo2025/fastq_files/zr23059_135_R1.fastq.gz	/lunarc/nobackup/projects/snic2019-34-3/shared_elhaik_lab1/Projects/Microbiome/Malmo2025/fastq_files/zr23059_135_R2.fastq.gz
zr23059_136	/lunarc/nobackup/projects/snic2019-34-3/shared_elhaik_lab1/Projects/Microbiome/Malmo2025/fastq_files/zr23059_136_R1.fastq.gz	/lunarc/nobackup/projects/snic2019-34-3/shared_elhaik_lab1/Projects/Microbiome/Malmo2025/fastq_files/zr23059_136_R2.fastq.gz
zr23059_137	/lunarc/nobackup/projects/snic2019-34-3/shared_elhaik_lab1/Projects/Microbiome/Malmo2025/fastq_files/zr23059_137_R1.fastq.gz	/lunarc/nobackup/projects/snic2019-34-3/shared_elhaik_lab1/Projects/Microbiome/Malmo2025/fastq_files/zr23059_137_R2.fastq.gz
zr23059_138	/lunarc/nobackup/projects/snic2019-34-3/shared_elhaik_lab1/Projects/Microbiome/Malmo2025/fastq_files/zr23059_138_R1.fastq.gz	/lunarc/nobackup/projects/snic2019-34-3/shared_elhaik_lab1/Projects/Microbiome/Malmo2025/fastq_files/zr23059_138_R2.fastq.gz
zr23059_139	/lunarc/nobackup/projects/snic2019-34-3/shared_elhaik_lab1/Projects/Microbiome/Malmo2025/fastq_files/zr23059_139_R1.fastq.gz	/lunarc/nobackup/projects/snic2019-34-3/shared_elhaik_lab1/Projects/Microbiome/Malmo2025/fastq_files/zr23059_139_R2.fastq.gz
zr23059_13	/lunarc/nobackup/projects/snic2019-34-3/shared_elhaik_lab1/Projects/Microbiome/Malmo2025/fastq_files/zr23059_13_R1.fastq.gz	/lunarc/nobackup/projects/snic2019-34-3/shared_elhaik_lab1/Projects/Microbiome/Malmo2025/fastq_files/zr23059_13_R2.fastq.gz
zr23059_140	/lunarc/nobackup/projects/snic2019-34-3/shared_elhaik_lab1/Projects/Microbiome/Malmo2025/fastq_files/zr23059_140_R1.fastq.gz	/lunarc/nobackup/projects/snic2019-34-3/shared_elhaik_lab1/Projects/Microbiome/Malmo2025/fastq_files/zr23059_140_R2.fastq.gz
zr23059_141	/lunarc/nobackup/projects/snic2019-34-3/shared_elhaik_lab1/Projects/Microbiome/Malmo2025/fastq_files/zr23059_141_R1.fastq.gz	/lunarc/nobackup/projects/snic2019-34-3/shared_elhaik_lab1/Projects/Microbiome/Malmo2025/fastq_files/zr23059_141_R2.fastq.gz
zr23059_142	/lunarc/nobackup/projects/snic2019-34-3/shared_elhaik_lab1/Projects/Microbiome/Malmo2025/fastq_files/zr23059_142_R1.fastq.gz	/lunarc/nobackup/projects/snic2019-34-3/shared_elhaik_lab1/Projects/Microbiome/Malmo2025/fastq_files/zr23059_142_R2.fastq.gz
zr23059_143	/lunarc/nobackup/projects/snic2019-34-3/shared_elhaik_lab1/Projects/Microbiome/Malmo2025/fastq_files/zr23059_143_R1.fastq.gz	/lunarc/nobackup/projects/snic2019-34-3/shared_elhaik_lab1/Projects/Microbiome/Malmo2025/fastq_files/zr23059_143_R2.fastq.gz
zr23059_144	/lunarc/nobackup/projects/snic2019-34-3/shared_elhaik_lab1/Projects/Microbiome/Malmo2025/fastq_files/zr23059_144_R1.fastq.gz	/lunarc/nobackup/projects/snic2019-34-3/shared_elhaik_lab1/Projects/Microbiome/Malmo2025/fastq_files/zr23059_144_R2.fastq.gz
zr23059_145	/lunarc/nobackup/projects/snic2019-34-3/shared_elhaik_lab1/Projects/Microbiome/Malmo2025/fastq_files/zr23059_145_R1.fastq.gz	/lunarc/nobackup/projects/snic2019-34-3/shared_elhaik_lab1/Projects/Microbiome/Malmo2025/fastq_files/zr23059_145_R2.fastq.gz
zr23059_146	/lunarc/nobackup/projects/snic2019-34-3/shared_elhaik_lab1/Projects/Microbiome/Malmo2025/fastq_files/zr23059_146_R1.fastq.gz	/lunarc/nobackup/projects/snic2019-34-3/shared_elhaik_lab1/Projects/Microbiome/Malmo2025/fastq_files/zr23059_146_R2.fastq.gz
zr23059_147	/lunarc/nobackup/projects/snic2019-34-3/shared_elhaik_lab1/Projects/Microbiome/Malmo2025/fastq_files/zr23059_147_R1.fastq.gz	/lunarc/nobackup/projects/snic2019-34-3/shared_elhaik_lab1/Projects/Microbiome/Malmo2025/fastq_files/zr23059_147_R2.fastq.gz
zr23059_148	/lunarc/nobackup/projects/snic2019-34-3/shared_elhaik_lab1/Projects/Microbiome/Malmo2025/fastq_files/zr23059_148_R1.fastq.gz	/lunarc/nobackup/projects/snic2019-34-3/shared_elhaik_lab1/Projects/Microbiome/Malmo2025/fastq_files/zr23059_148_R2.fastq.gz
zr23059_149	/lunarc/nobackup/projects/snic2019-34-3/shared_elhaik_lab1/Projects/Microbiome/Malmo2025/fastq_files/zr23059_149_R1.fastq.gz	/lunarc/nobackup/projects/snic2019-34-3/shared_elhaik_lab1/Projects/Microbiome/Malmo2025/fastq_files/zr23059_149_R2.fastq.gz
zr23059_14	/lunarc/nobackup/projects/snic2019-34-3/shared_elhaik_lab1/Projects/Microbiome/Malmo2025/fastq_files/zr23059_14_R1.fastq.gz	/lunarc/nobackup/projects/snic2019-34-3/shared_elhaik_lab1/Projects/Microbiome/Malmo2025/fastq_files/zr23059_14_R2.fastq.gz
zr23059_150	/lunarc/nobackup/projects/snic2019-34-3/shared_elhaik_lab1/Projects/Microbiome/Malmo2025/fastq_files/zr23059_150_R1.fastq.gz	/lunarc/nobackup/projects/snic2019-34-3/shared_elhaik_lab1/Projects/Microbiome/Malmo2025/fastq_files/zr23059_150_R2.fastq.gz
zr23059_151	/lunarc/nobackup/projects/snic2019-34-3/shared_elhaik_lab1/Projects/Microbiome/Malmo2025/fastq_files/zr23059_151_R1.fastq.gz	/lunarc/nobackup/projects/snic2019-34-3/shared_elhaik_lab1/Projects/Microbiome/Malmo2025/fastq_files/zr23059_151_R2.fastq.gz
zr23059_152	/lunarc/nobackup/projects/snic2019-34-3/shared_elhaik_lab1/Projects/Microbiome/Malmo2025/fastq_files/zr23059_152_R1.fastq.gz	/lunarc/nobackup/projects/snic2019-34-3/shared_elhaik_lab1/Projects/Microbiome/Malmo2025/fastq_files/zr23059_152_R2.fastq.gz
zr23059_153	/lunarc/nobackup/projects/snic2019-34-3/shared_elhaik_lab1/Projects/Microbiome/Malmo2025/fastq_files/zr23059_153_R1.fastq.gz	/lunarc/nobackup/projects/snic2019-34-3/shared_elhaik_lab1/Projects/Microbiome/Malmo2025/fastq_files/zr23059_153_R2.fastq.gz
zr23059_154	/lunarc/nobackup/projects/snic2019-34-3/shared_elhaik_lab1/Projects/Microbiome/Malmo2025/fastq_files/zr23059_154_R1.fastq.gz	/lunarc/nobackup/projects/snic2019-34-3/shared_elhaik_lab1/Projects/Microbiome/Malmo2025/fastq_files/zr23059_154_R2.fastq.gz
zr23059_155	/lunarc/nobackup/projects/snic2019-34-3/shared_elhaik_lab1/Projects/Microbiome/Malmo2025/fastq_files/zr23059_155_R1.fastq.gz	/lunarc/nobackup/projects/snic2019-34-3/shared_elhaik_lab1/Projects/Microbiome/Malmo2025/fastq_files/zr23059_155_R2.fastq.gz
zr23059_156	/lunarc/nobackup/projects/snic2019-34-3/shared_elhaik_lab1/Projects/Microbiome/Malmo2025/fastq_files/zr23059_156_R1.fastq.gz	/lunarc/nobackup/projects/snic2019-34-3/shared_elhaik_lab1/Projects/Microbiome/Malmo2025/fastq_files/zr23059_156_R2.fastq.gz
zr23059_157	/lunarc/nobackup/projects/snic2019-34-3/shared_elhaik_lab1/Projects/Microbiome/Malmo2025/fastq_files/zr23059_157_R1.fastq.gz	/lunarc/nobackup/projects/snic2019-34-3/shared_elhaik_lab1/Projects/Microbiome/Malmo2025/fastq_files/zr23059_157_R2.fastq.gz
zr23059_158	/lunarc/nobackup/projects/snic2019-34-3/shared_elhaik_lab1/Projects/Microbiome/Malmo2025/fastq_files/zr23059_158_R1.fastq.gz	/lunarc/nobackup/projects/snic2019-34-3/shared_elhaik_lab1/Projects/Microbiome/Malmo2025/fastq_files/zr23059_158_R2.fastq.gz
zr23059_159	/lunarc/nobackup/projects/snic2019-34-3/shared_elhaik_lab1/Projects/Microbiome/Malmo2025/fastq_files/zr23059_159_R1.fastq.gz	/lunarc/nobackup/projects/snic2019-34-3/shared_elhaik_lab1/Projects/Microbiome/Malmo2025/fastq_files/zr23059_159_R2.fastq.gz
zr23059_15	/lunarc/nobackup/projects/snic2019-34-3/shared_elhaik_lab1/Projects/Microbiome/Malmo2025/fastq_files/zr23059_15_R1.fastq.gz	/lunarc/nobackup/projects/snic2019-34-3/shared_elhaik_lab1/Projects/Microbiome/Malmo2025/fastq_files/zr23059_15_R2.fastq.gz
zr23059_160	/lunarc/nobackup/projects/snic2019-34-3/shared_elhaik_lab1/Projects/Microbiome/Malmo2025/fastq_files/zr23059_160_R1.fastq.gz	/lunarc/nobackup/projects/snic2019-34-3/shared_elhaik_lab1/Projects/Microbiome/Malmo2025/fastq_files/zr23059_160_R2.fastq.gz
zr23059_161	/lunarc/nobackup/projects/snic2019-34-3/shared_elhaik_lab1/Projects/Microbiome/Malmo2025/fastq_files/zr23059_161_R1.fastq.gz	/lunarc/nobackup/projects/snic2019-34-3/shared_elhaik_lab1/Projects/Microbiome/Malmo2025/fastq_files/zr23059_161_R2.fastq.gz
zr23059_162	/lunarc/nobackup/projects/snic2019-34-3/shared_elhaik_lab1/Projects/Microbiome/Malmo2025/fastq_files/zr23059_162_R1.fastq.gz	/lunarc/nobackup/projects/snic2019-34-3/shared_elhaik_lab1/Projects/Microbiome/Malmo2025/fastq_files/zr23059_162_R2.fastq.gz
zr23059_163	/lunarc/nobackup/projects/snic2019-34-3/shared_elhaik_lab1/Projects/Microbiome/Malmo2025/fastq_files/zr23059_163_R1.fastq.gz	/lunarc/nobackup/projects/snic2019-34-3/shared_elhaik_lab1/Projects/Microbiome/Malmo2025/fastq_files/zr23059_163_R2.fastq.gz
zr23059_164	/lunarc/nobackup/projects/snic2019-34-3/shared_elhaik_lab1/Projects/Microbiome/Malmo2025/fastq_files/zr23059_164_R1.fastq.gz	/lunarc/nobackup/projects/snic2019-34-3/shared_elhaik_lab1/Projects/Microbiome/Malmo2025/fastq_files/zr23059_164_R2.fastq.gz
zr23059_165	/lunarc/nobackup/projects/snic2019-34-3/shared_elhaik_lab1/Projects/Microbiome/Malmo2025/fastq_files/zr23059_165_R1.fastq.gz	/lunarc/nobackup/projects/snic2019-34-3/shared_elhaik_lab1/Projects/Microbiome/Malmo2025/fastq_files/zr23059_165_R2.fastq.gz
zr23059_166	/lunarc/nobackup/projects/snic2019-34-3/shared_elhaik_lab1/Projects/Microbiome/Malmo2025/fastq_files/zr23059_166_R1.fastq.gz	/lunarc/nobackup/projects/snic2019-34-3/shared_elhaik_lab1/Projects/Microbiome/Malmo2025/fastq_files/zr23059_166_R2.fastq.gz
zr23059_167	/lunarc/nobackup/projects/snic2019-34-3/shared_elhaik_lab1/Projects/Microbiome/Malmo2025/fastq_files/zr23059_167_R1.fastq.gz	/lunarc/nobackup/projects/snic2019-34-3/shared_elhaik_lab1/Projects/Microbiome/Malmo2025/fastq_files/zr23059_167_R2.fastq.gz
zr23059_168	/lunarc/nobackup/projects/snic2019-34-3/shared_elhaik_lab1/Projects/Microbiome/Malmo2025/fastq_files/zr23059_168_R1.fastq.gz	/lunarc/nobackup/projects/snic2019-34-3/shared_elhaik_lab1/Projects/Microbiome/Malmo2025/fastq_files/zr23059_168_R2.fastq.gz
zr23059_169	/lunarc/nobackup/projects/snic2019-34-3/shared_elhaik_lab1/Projects/Microbiome/Malmo2025/fastq_files/zr23059_169_R1.fastq.gz	/lunarc/nobackup/projects/snic2019-34-3/shared_elhaik_lab1/Projects/Microbiome/Malmo2025/fastq_files/zr23059_169_R2.fastq.gz
zr23059_16	/lunarc/nobackup/projects/snic2019-34-3/shared_elhaik_lab1/Projects/Microbiome/Malmo2025/fastq_files/zr23059_16_R1.fastq.gz	/lunarc/nobackup/projects/snic2019-34-3/shared_elhaik_lab1/Projects/Microbiome/Malmo2025/fastq_files/zr23059_16_R2.fastq.gz
zr23059_170	/lunarc/nobackup/projects/snic2019-34-3/shared_elhaik_lab1/Projects/Microbiome/Malmo2025/fastq_files/zr23059_170_R1.fastq.gz	/lunarc/nobackup/projects/snic2019-34-3/shared_elhaik_lab1/Projects/Microbiome/Malmo2025/fastq_files/zr23059_170_R2.fastq.gz
zr23059_171	/lunarc/nobackup/projects/snic2019-34-3/shared_elhaik_lab1/Projects/Microbiome/Malmo2025/fastq_files/zr23059_171_R1.fastq.gz	/lunarc/nobackup/projects/snic2019-34-3/shared_elhaik_lab1/Projects/Microbiome/Malmo2025/fastq_files/zr23059_171_R2.fastq.gz
zr23059_172	/lunarc/nobackup/projects/snic2019-34-3/shared_elhaik_lab1/Projects/Microbiome/Malmo2025/fastq_files/zr23059_172_R1.fastq.gz	/lunarc/nobackup/projects/snic2019-34-3/shared_elhaik_lab1/Projects/Microbiome/Malmo2025/fastq_files/zr23059_172_R2.fastq.gz
zr23059_173	/lunarc/nobackup/projects/snic2019-34-3/shared_elhaik_lab1/Projects/Microbiome/Malmo2025/fastq_files/zr23059_173_R1.fastq.gz	/lunarc/nobackup/projects/snic2019-34-3/shared_elhaik_lab1/Projects/Microbiome/Malmo2025/fastq_files/zr23059_173_R2.fastq.gz
zr23059_174	/lunarc/nobackup/projects/snic2019-34-3/shared_elhaik_lab1/Projects/Microbiome/Malmo2025/fastq_files/zr23059_174_R1.fastq.gz	/lunarc/nobackup/projects/snic2019-34-3/shared_elhaik_lab1/Projects/Microbiome/Malmo2025/fastq_files/zr23059_174_R2.fastq.gz
zr23059_175	/lunarc/nobackup/projects/snic2019-34-3/shared_elhaik_lab1/Projects/Microbiome/Malmo2025/fastq_files/zr23059_175_R1.fastq.gz	/lunarc/nobackup/projects/snic2019-34-3/shared_elhaik_lab1/Projects/Microbiome/Malmo2025/fastq_files/zr23059_175_R2.fastq.gz
zr23059_176	/lunarc/nobackup/projects/snic2019-34-3/shared_elhaik_lab1/Projects/Microbiome/Malmo2025/fastq_files/zr23059_176_R1.fastq.gz	/lunarc/nobackup/projects/snic2019-34-3/shared_elhaik_lab1/Projects/Microbiome/Malmo2025/fastq_files/zr23059_176_R2.fastq.gz
zr23059_177	/lunarc/nobackup/projects/snic2019-34-3/shared_elhaik_lab1/Projects/Microbiome/Malmo2025/fastq_files/zr23059_177_R1.fastq.gz	/lunarc/nobackup/projects/snic2019-34-3/shared_elhaik_lab1/Projects/Microbiome/Malmo2025/fastq_files/zr23059_177_R2.fastq.gz
zr23059_178	/lunarc/nobackup/projects/snic2019-34-3/shared_elhaik_lab1/Projects/Microbiome/Malmo2025/fastq_files/zr23059_178_R1.fastq.gz	/lunarc/nobackup/projects/snic2019-34-3/shared_elhaik_lab1/Projects/Microbiome/Malmo2025/fastq_files/zr23059_178_R2.fastq.gz
zr23059_179	/lunarc/nobackup/projects/snic2019-34-3/shared_elhaik_lab1/Projects/Microbiome/Malmo2025/fastq_files/zr23059_179_R1.fastq.gz	/lunarc/nobackup/projects/snic2019-34-3/shared_elhaik_lab1/Projects/Microbiome/Malmo2025/fastq_files/zr23059_179_R2.fastq.gz
zr23059_17	/lunarc/nobackup/projects/snic2019-34-3/shared_elhaik_lab1/Projects/Microbiome/Malmo2025/fastq_files/zr23059_17_R1.fastq.gz	/lunarc/nobackup/projects/snic2019-34-3/shared_elhaik_lab1/Projects/Microbiome/Malmo2025/fastq_files/zr23059_17_R2.fastq.gz
zr23059_180	/lunarc/nobackup/projects/snic2019-34-3/shared_elhaik_lab1/Projects/Microbiome/Malmo2025/fastq_files/zr23059_180_R1.fastq.gz	/lunarc/nobackup/projects/snic2019-34-3/shared_elhaik_lab1/Projects/Microbiome/Malmo2025/fastq_files/zr23059_180_R2.fastq.gz
zr23059_181	/lunarc/nobackup/projects/snic2019-34-3/shared_elhaik_lab1/Projects/Microbiome/Malmo2025/fastq_files/zr23059_181_R1.fastq.gz	/lunarc/nobackup/projects/snic2019-34-3/shared_elhaik_lab1/Projects/Microbiome/Malmo2025/fastq_files/zr23059_181_R2.fastq.gz
zr23059_182	/lunarc/nobackup/projects/snic2019-34-3/shared_elhaik_lab1/Projects/Microbiome/Malmo2025/fastq_files/zr23059_182_R1.fastq.gz	/lunarc/nobackup/projects/snic2019-34-3/shared_elhaik_lab1/Projects/Microbiome/Malmo2025/fastq_files/zr23059_182_R2.fastq.gz
zr23059_183	/lunarc/nobackup/projects/snic2019-34-3/shared_elhaik_lab1/Projects/Microbiome/Malmo2025/fastq_files/zr23059_183_R1.fastq.gz	/lunarc/nobackup/projects/snic2019-34-3/shared_elhaik_lab1/Projects/Microbiome/Malmo2025/fastq_files/zr23059_183_R2.fastq.gz
zr23059_184	/lunarc/nobackup/projects/snic2019-34-3/shared_elhaik_lab1/Projects/Microbiome/Malmo2025/fastq_files/zr23059_184_R1.fastq.gz	/lunarc/nobackup/projects/snic2019-34-3/shared_elhaik_lab1/Projects/Microbiome/Malmo2025/fastq_files/zr23059_184_R2.fastq.gz
zr23059_185	/lunarc/nobackup/projects/snic2019-34-3/shared_elhaik_lab1/Projects/Microbiome/Malmo2025/fastq_files/zr23059_185_R1.fastq.gz	/lunarc/nobackup/projects/snic2019-34-3/shared_elhaik_lab1/Projects/Microbiome/Malmo2025/fastq_files/zr23059_185_R2.fastq.gz
zr23059_186	/lunarc/nobackup/projects/snic2019-34-3/shared_elhaik_lab1/Projects/Microbiome/Malmo2025/fastq_files/zr23059_186_R1.fastq.gz	/lunarc/nobackup/projects/snic2019-34-3/shared_elhaik_lab1/Projects/Microbiome/Malmo2025/fastq_files/zr23059_186_R2.fastq.gz
zr23059_187	/lunarc/nobackup/projects/snic2019-34-3/shared_elhaik_lab1/Projects/Microbiome/Malmo2025/fastq_files/zr23059_187_R1.fastq.gz	/lunarc/nobackup/projects/snic2019-34-3/shared_elhaik_lab1/Projects/Microbiome/Malmo2025/fastq_files/zr23059_187_R2.fastq.gz
zr23059_188	/lunarc/nobackup/projects/snic2019-34-3/shared_elhaik_lab1/Projects/Microbiome/Malmo2025/fastq_files/zr23059_188_R1.fastq.gz	/lunarc/nobackup/projects/snic2019-34-3/shared_elhaik_lab1/Projects/Microbiome/Malmo2025/fastq_files/zr23059_188_R2.fastq.gz
zr23059_189	/lunarc/nobackup/projects/snic2019-34-3/shared_elhaik_lab1/Projects/Microbiome/Malmo2025/fastq_files/zr23059_189_R1.fastq.gz	/lunarc/nobackup/projects/snic2019-34-3/shared_elhaik_lab1/Projects/Microbiome/Malmo2025/fastq_files/zr23059_189_R2.fastq.gz
zr23059_18	/lunarc/nobackup/projects/snic2019-34-3/shared_elhaik_lab1/Projects/Microbiome/Malmo2025/fastq_files/zr23059_18_R1.fastq.gz	/lunarc/nobackup/projects/snic2019-34-3/shared_elhaik_lab1/Projects/Microbiome/Malmo2025/fastq_files/zr23059_18_R2.fastq.gz
zr23059_190	/lunarc/nobackup/projects/snic2019-34-3/shared_elhaik_lab1/Projects/Microbiome/Malmo2025/fastq_files/zr23059_190_R1.fastq.gz	/lunarc/nobackup/projects/snic2019-34-3/shared_elhaik_lab1/Projects/Microbiome/Malmo2025/fastq_files/zr23059_190_R2.fastq.gz
zr23059_191	/lunarc/nobackup/projects/snic2019-34-3/shared_elhaik_lab1/Projects/Microbiome/Malmo2025/fastq_files/zr23059_191_R1.fastq.gz	/lunarc/nobackup/projects/snic2019-34-3/shared_elhaik_lab1/Projects/Microbiome/Malmo2025/fastq_files/zr23059_191_R2.fastq.gz
zr23059_192	/lunarc/nobackup/projects/snic2019-34-3/shared_elhaik_lab1/Projects/Microbiome/Malmo2025/fastq_files/zr23059_192_R1.fastq.gz	/lunarc/nobackup/projects/snic2019-34-3/shared_elhaik_lab1/Projects/Microbiome/Malmo2025/fastq_files/zr23059_192_R2.fastq.gz
zr23059_193	/lunarc/nobackup/projects/snic2019-34-3/shared_elhaik_lab1/Projects/Microbiome/Malmo2025/fastq_files/zr23059_193_R1.fastq.gz	/lunarc/nobackup/projects/snic2019-34-3/shared_elhaik_lab1/Projects/Microbiome/Malmo2025/fastq_files/zr23059_193_R2.fastq.gz
zr23059_194	/lunarc/nobackup/projects/snic2019-34-3/shared_elhaik_lab1/Projects/Microbiome/Malmo2025/fastq_files/zr23059_194_R1.fastq.gz	/lunarc/nobackup/projects/snic2019-34-3/shared_elhaik_lab1/Projects/Microbiome/Malmo2025/fastq_files/zr23059_194_R2.fastq.gz
zr23059_195	/lunarc/nobackup/projects/snic2019-34-3/shared_elhaik_lab1/Projects/Microbiome/Malmo2025/fastq_files/zr23059_195_R1.fastq.gz	/lunarc/nobackup/projects/snic2019-34-3/shared_elhaik_lab1/Projects/Microbiome/Malmo2025/fastq_files/zr23059_195_R2.fastq.gz
zr23059_196	/lunarc/nobackup/projects/snic2019-34-3/shared_elhaik_lab1/Projects/Microbiome/Malmo2025/fastq_files/zr23059_196_R1.fastq.gz	/lunarc/nobackup/projects/snic2019-34-3/shared_elhaik_lab1/Projects/Microbiome/Malmo2025/fastq_files/zr23059_196_R2.fastq.gz
zr23059_197	/lunarc/nobackup/projects/snic2019-34-3/shared_elhaik_lab1/Projects/Microbiome/Malmo2025/fastq_files/zr23059_197_R1.fastq.gz	/lunarc/nobackup/projects/snic2019-34-3/shared_elhaik_lab1/Projects/Microbiome/Malmo2025/fastq_files/zr23059_197_R2.fastq.gz
zr23059_198	/lunarc/nobackup/projects/snic2019-34-3/shared_elhaik_lab1/Projects/Microbiome/Malmo2025/fastq_files/zr23059_198_R1.fastq.gz	/lunarc/nobackup/projects/snic2019-34-3/shared_elhaik_lab1/Projects/Microbiome/Malmo2025/fastq_files/zr23059_198_R2.fastq.gz
zr23059_199	/lunarc/nobackup/projects/snic2019-34-3/shared_elhaik_lab1/Projects/Microbiome/Malmo2025/fastq_files/zr23059_199_R1.fastq.gz	/lunarc/nobackup/projects/snic2019-34-3/shared_elhaik_lab1/Projects/Microbiome/Malmo2025/fastq_files/zr23059_199_R2.fastq.gz
zr23059_19	/lunarc/nobackup/projects/snic2019-34-3/shared_elhaik_lab1/Projects/Microbiome/Malmo2025/fastq_files/zr23059_19_R1.fastq.gz	/lunarc/nobackup/projects/snic2019-34-3/shared_elhaik_lab1/Projects/Microbiome/Malmo2025/fastq_files/zr23059_19_R2.fastq.gz
zr23059_1	/lunarc/nobackup/projects/snic2019-34-3/shared_elhaik_lab1/Projects/Microbiome/Malmo2025/fastq_files/zr23059_1_R1.fastq.gz	/lunarc/nobackup/projects/snic2019-34-3/shared_elhaik_lab1/Projects/Microbiome/Malmo2025/fastq_files/zr23059_1_R2.fastq.gz
zr23059_200	/lunarc/nobackup/projects/snic2019-34-3/shared_elhaik_lab1/Projects/Microbiome/Malmo2025/fastq_files/zr23059_200_R1.fastq.gz	/lunarc/nobackup/projects/snic2019-34-3/shared_elhaik_lab1/Projects/Microbiome/Malmo2025/fastq_files/zr23059_200_R2.fastq.gz
zr23059_201	/lunarc/nobackup/projects/snic2019-34-3/shared_elhaik_lab1/Projects/Microbiome/Malmo2025/fastq_files/zr23059_201_R1.fastq.gz	/lunarc/nobackup/projects/snic2019-34-3/shared_elhaik_lab1/Projects/Microbiome/Malmo2025/fastq_files/zr23059_201_R2.fastq.gz
zr23059_202	/lunarc/nobackup/projects/snic2019-34-3/shared_elhaik_lab1/Projects/Microbiome/Malmo2025/fastq_files/zr23059_202_R1.fastq.gz	/lunarc/nobackup/projects/snic2019-34-3/shared_elhaik_lab1/Projects/Microbiome/Malmo2025/fastq_files/zr23059_202_R2.fastq.gz
zr23059_203	/lunarc/nobackup/projects/snic2019-34-3/shared_elhaik_lab1/Projects/Microbiome/Malmo2025/fastq_files/zr23059_203_R1.fastq.gz	/lunarc/nobackup/projects/snic2019-34-3/shared_elhaik_lab1/Projects/Microbiome/Malmo2025/fastq_files/zr23059_203_R2.fastq.gz
zr23059_204	/lunarc/nobackup/projects/snic2019-34-3/shared_elhaik_lab1/Projects/Microbiome/Malmo2025/fastq_files/zr23059_204_R1.fastq.gz	/lunarc/nobackup/projects/snic2019-34-3/shared_elhaik_lab1/Projects/Microbiome/Malmo2025/fastq_files/zr23059_204_R2.fastq.gz
zr23059_205	/lunarc/nobackup/projects/snic2019-34-3/shared_elhaik_lab1/Projects/Microbiome/Malmo2025/fastq_files/zr23059_205_R1.fastq.gz	/lunarc/nobackup/projects/snic2019-34-3/shared_elhaik_lab1/Projects/Microbiome/Malmo2025/fastq_files/zr23059_205_R2.fastq.gz
zr23059_206	/lunarc/nobackup/projects/snic2019-34-3/shared_elhaik_lab1/Projects/Microbiome/Malmo2025/fastq_files/zr23059_206_R1.fastq.gz	/lunarc/nobackup/projects/snic2019-34-3/shared_elhaik_lab1/Projects/Microbiome/Malmo2025/fastq_files/zr23059_206_R2.fastq.gz
zr23059_207	/lunarc/nobackup/projects/snic2019-34-3/shared_elhaik_lab1/Projects/Microbiome/Malmo2025/fastq_files/zr23059_207_R1.fastq.gz	/lunarc/nobackup/projects/snic2019-34-3/shared_elhaik_lab1/Projects/Microbiome/Malmo2025/fastq_files/zr23059_207_R2.fastq.gz
zr23059_208	/lunarc/nobackup/projects/snic2019-34-3/shared_elhaik_lab1/Projects/Microbiome/Malmo2025/fastq_files/zr23059_208_R1.fastq.gz	/lunarc/nobackup/projects/snic2019-34-3/shared_elhaik_lab1/Projects/Microbiome/Malmo2025/fastq_files/zr23059_208_R2.fastq.gz
zr23059_209	/lunarc/nobackup/projects/snic2019-34-3/shared_elhaik_lab1/Projects/Microbiome/Malmo2025/fastq_files/zr23059_209_R1.fastq.gz	/lunarc/nobackup/projects/snic2019-34-3/shared_elhaik_lab1/Projects/Microbiome/Malmo2025/fastq_files/zr23059_209_R2.fastq.gz
zr23059_20	/lunarc/nobackup/projects/snic2019-34-3/shared_elhaik_lab1/Projects/Microbiome/Malmo2025/fastq_files/zr23059_20_R1.fastq.gz	/lunarc/nobackup/projects/snic2019-34-3/shared_elhaik_lab1/Projects/Microbiome/Malmo2025/fastq_files/zr23059_20_R2.fastq.gz
zr23059_210	/lunarc/nobackup/projects/snic2019-34-3/shared_elhaik_lab1/Projects/Microbiome/Malmo2025/fastq_files/zr23059_210_R1.fastq.gz	/lunarc/nobackup/projects/snic2019-34-3/shared_elhaik_lab1/Projects/Microbiome/Malmo2025/fastq_files/zr23059_210_R2.fastq.gz
zr23059_211	/lunarc/nobackup/projects/snic2019-34-3/shared_elhaik_lab1/Projects/Microbiome/Malmo2025/fastq_files/zr23059_211_R1.fastq.gz	/lunarc/nobackup/projects/snic2019-34-3/shared_elhaik_lab1/Projects/Microbiome/Malmo2025/fastq_files/zr23059_211_R2.fastq.gz
zr23059_212	/lunarc/nobackup/projects/snic2019-34-3/shared_elhaik_lab1/Projects/Microbiome/Malmo2025/fastq_files/zr23059_212_R1.fastq.gz	/lunarc/nobackup/projects/snic2019-34-3/shared_elhaik_lab1/Projects/Microbiome/Malmo2025/fastq_files/zr23059_212_R2.fastq.gz
zr23059_213	/lunarc/nobackup/projects/snic2019-34-3/shared_elhaik_lab1/Projects/Microbiome/Malmo2025/fastq_files/zr23059_213_R1.fastq.gz	/lunarc/nobackup/projects/snic2019-34-3/shared_elhaik_lab1/Projects/Microbiome/Malmo2025/fastq_files/zr23059_213_R2.fastq.gz
zr23059_214	/lunarc/nobackup/projects/snic2019-34-3/shared_elhaik_lab1/Projects/Microbiome/Malmo2025/fastq_files/zr23059_214_R1.fastq.gz	/lunarc/nobackup/projects/snic2019-34-3/shared_elhaik_lab1/Projects/Microbiome/Malmo2025/fastq_files/zr23059_214_R2.fastq.gz
zr23059_215	/lunarc/nobackup/projects/snic2019-34-3/shared_elhaik_lab1/Projects/Microbiome/Malmo2025/fastq_files/zr23059_215_R1.fastq.gz	/lunarc/nobackup/projects/snic2019-34-3/shared_elhaik_lab1/Projects/Microbiome/Malmo2025/fastq_files/zr23059_215_R2.fastq.gz
zr23059_216	/lunarc/nobackup/projects/snic2019-34-3/shared_elhaik_lab1/Projects/Microbiome/Malmo2025/fastq_files/zr23059_216_R1.fastq.gz	/lunarc/nobackup/projects/snic2019-34-3/shared_elhaik_lab1/Projects/Microbiome/Malmo2025/fastq_files/zr23059_216_R2.fastq.gz
zr23059_217	/lunarc/nobackup/projects/snic2019-34-3/shared_elhaik_lab1/Projects/Microbiome/Malmo2025/fastq_files/zr23059_217_R1.fastq.gz	/lunarc/nobackup/projects/snic2019-34-3/shared_elhaik_lab1/Projects/Microbiome/Malmo2025/fastq_files/zr23059_217_R2.fastq.gz
zr23059_218	/lunarc/nobackup/projects/snic2019-34-3/shared_elhaik_lab1/Projects/Microbiome/Malmo2025/fastq_files/zr23059_218_R1.fastq.gz	/lunarc/nobackup/projects/snic2019-34-3/shared_elhaik_lab1/Projects/Microbiome/Malmo2025/fastq_files/zr23059_218_R2.fastq.gz
zr23059_219	/lunarc/nobackup/projects/snic2019-34-3/shared_elhaik_lab1/Projects/Microbiome/Malmo2025/fastq_files/zr23059_219_R1.fastq.gz	/lunarc/nobackup/projects/snic2019-34-3/shared_elhaik_lab1/Projects/Microbiome/Malmo2025/fastq_files/zr23059_219_R2.fastq.gz
zr23059_21	/lunarc/nobackup/projects/snic2019-34-3/shared_elhaik_lab1/Projects/Microbiome/Malmo2025/fastq_files/zr23059_21_R1.fastq.gz	/lunarc/nobackup/projects/snic2019-34-3/shared_elhaik_lab1/Projects/Microbiome/Malmo2025/fastq_files/zr23059_21_R2.fastq.gz
zr23059_220	/lunarc/nobackup/projects/snic2019-34-3/shared_elhaik_lab1/Projects/Microbiome/Malmo2025/fastq_files/zr23059_220_R1.fastq.gz	/lunarc/nobackup/projects/snic2019-34-3/shared_elhaik_lab1/Projects/Microbiome/Malmo2025/fastq_files/zr23059_220_R2.fastq.gz
zr23059_221	/lunarc/nobackup/projects/snic2019-34-3/shared_elhaik_lab1/Projects/Microbiome/Malmo2025/fastq_files/zr23059_221_R1.fastq.gz	/lunarc/nobackup/projects/snic2019-34-3/shared_elhaik_lab1/Projects/Microbiome/Malmo2025/fastq_files/zr23059_221_R2.fastq.gz
zr23059_222	/lunarc/nobackup/projects/snic2019-34-3/shared_elhaik_lab1/Projects/Microbiome/Malmo2025/fastq_files/zr23059_222_R1.fastq.gz	/lunarc/nobackup/projects/snic2019-34-3/shared_elhaik_lab1/Projects/Microbiome/Malmo2025/fastq_files/zr23059_222_R2.fastq.gz
zr23059_223	/lunarc/nobackup/projects/snic2019-34-3/shared_elhaik_lab1/Projects/Microbiome/Malmo2025/fastq_files/zr23059_223_R1.fastq.gz	/lunarc/nobackup/projects/snic2019-34-3/shared_elhaik_lab1/Projects/Microbiome/Malmo2025/fastq_files/zr23059_223_R2.fastq.gz
zr23059_224	/lunarc/nobackup/projects/snic2019-34-3/shared_elhaik_lab1/Projects/Microbiome/Malmo2025/fastq_files/zr23059_224_R1.fastq.gz	/lunarc/nobackup/projects/snic2019-34-3/shared_elhaik_lab1/Projects/Microbiome/Malmo2025/fastq_files/zr23059_224_R2.fastq.gz
zr23059_225	/lunarc/nobackup/projects/snic2019-34-3/shared_elhaik_lab1/Projects/Microbiome/Malmo2025/fastq_files/zr23059_225_R1.fastq.gz	/lunarc/nobackup/projects/snic2019-34-3/shared_elhaik_lab1/Projects/Microbiome/Malmo2025/fastq_files/zr23059_225_R2.fastq.gz
zr23059_226	/lunarc/nobackup/projects/snic2019-34-3/shared_elhaik_lab1/Projects/Microbiome/Malmo2025/fastq_files/zr23059_226_R1.fastq.gz	/lunarc/nobackup/projects/snic2019-34-3/shared_elhaik_lab1/Projects/Microbiome/Malmo2025/fastq_files/zr23059_226_R2.fastq.gz
zr23059_227	/lunarc/nobackup/projects/snic2019-34-3/shared_elhaik_lab1/Projects/Microbiome/Malmo2025/fastq_files/zr23059_227_R1.fastq.gz	/lunarc/nobackup/projects/snic2019-34-3/shared_elhaik_lab1/Projects/Microbiome/Malmo2025/fastq_files/zr23059_227_R2.fastq.gz
zr23059_228	/lunarc/nobackup/projects/snic2019-34-3/shared_elhaik_lab1/Projects/Microbiome/Malmo2025/fastq_files/zr23059_228_R1.fastq.gz	/lunarc/nobackup/projects/snic2019-34-3/shared_elhaik_lab1/Projects/Microbiome/Malmo2025/fastq_files/zr23059_228_R2.fastq.gz
zr23059_229	/lunarc/nobackup/projects/snic2019-34-3/shared_elhaik_lab1/Projects/Microbiome/Malmo2025/fastq_files/zr23059_229_R1.fastq.gz	/lunarc/nobackup/projects/snic2019-34-3/shared_elhaik_lab1/Projects/Microbiome/Malmo2025/fastq_files/zr23059_229_R2.fastq.gz
zr23059_22	/lunarc/nobackup/projects/snic2019-34-3/shared_elhaik_lab1/Projects/Microbiome/Malmo2025/fastq_files/zr23059_22_R1.fastq.gz	/lunarc/nobackup/projects/snic2019-34-3/shared_elhaik_lab1/Projects/Microbiome/Malmo2025/fastq_files/zr23059_22_R2.fastq.gz
zr23059_230	/lunarc/nobackup/projects/snic2019-34-3/shared_elhaik_lab1/Projects/Microbiome/Malmo2025/fastq_files/zr23059_230_R1.fastq.gz	/lunarc/nobackup/projects/snic2019-34-3/shared_elhaik_lab1/Projects/Microbiome/Malmo2025/fastq_files/zr23059_230_R2.fastq.gz
zr23059_231	/lunarc/nobackup/projects/snic2019-34-3/shared_elhaik_lab1/Projects/Microbiome/Malmo2025/fastq_files/zr23059_231_R1.fastq.gz	/lunarc/nobackup/projects/snic2019-34-3/shared_elhaik_lab1/Projects/Microbiome/Malmo2025/fastq_files/zr23059_231_R2.fastq.gz
zr23059_232	/lunarc/nobackup/projects/snic2019-34-3/shared_elhaik_lab1/Projects/Microbiome/Malmo2025/fastq_files/zr23059_232_R1.fastq.gz	/lunarc/nobackup/projects/snic2019-34-3/shared_elhaik_lab1/Projects/Microbiome/Malmo2025/fastq_files/zr23059_232_R2.fastq.gz
zr23059_233	/lunarc/nobackup/projects/snic2019-34-3/shared_elhaik_lab1/Projects/Microbiome/Malmo2025/fastq_files/zr23059_233_R1.fastq.gz	/lunarc/nobackup/projects/snic2019-34-3/shared_elhaik_lab1/Projects/Microbiome/Malmo2025/fastq_files/zr23059_233_R2.fastq.gz
zr23059_234	/lunarc/nobackup/projects/snic2019-34-3/shared_elhaik_lab1/Projects/Microbiome/Malmo2025/fastq_files/zr23059_234_R1.fastq.gz	/lunarc/nobackup/projects/snic2019-34-3/shared_elhaik_lab1/Projects/Microbiome/Malmo2025/fastq_files/zr23059_234_R2.fastq.gz
zr23059_235	/lunarc/nobackup/projects/snic2019-34-3/shared_elhaik_lab1/Projects/Microbiome/Malmo2025/fastq_files/zr23059_235_R1.fastq.gz	/lunarc/nobackup/projects/snic2019-34-3/shared_elhaik_lab1/Projects/Microbiome/Malmo2025/fastq_files/zr23059_235_R2.fastq.gz
zr23059_236	/lunarc/nobackup/projects/snic2019-34-3/shared_elhaik_lab1/Projects/Microbiome/Malmo2025/fastq_files/zr23059_236_R1.fastq.gz	/lunarc/nobackup/projects/snic2019-34-3/shared_elhaik_lab1/Projects/Microbiome/Malmo2025/fastq_files/zr23059_236_R2.fastq.gz
zr23059_237	/lunarc/nobackup/projects/snic2019-34-3/shared_elhaik_lab1/Projects/Microbiome/Malmo2025/fastq_files/zr23059_237_R1.fastq.gz	/lunarc/nobackup/projects/snic2019-34-3/shared_elhaik_lab1/Projects/Microbiome/Malmo2025/fastq_files/zr23059_237_R2.fastq.gz
zr23059_238	/lunarc/nobackup/projects/snic2019-34-3/shared_elhaik_lab1/Projects/Microbiome/Malmo2025/fastq_files/zr23059_238_R1.fastq.gz	/lunarc/nobackup/projects/snic2019-34-3/shared_elhaik_lab1/Projects/Microbiome/Malmo2025/fastq_files/zr23059_238_R2.fastq.gz
zr23059_239	/lunarc/nobackup/projects/snic2019-34-3/shared_elhaik_lab1/Projects/Microbiome/Malmo2025/fastq_files/zr23059_239_R1.fastq.gz	/lunarc/nobackup/projects/snic2019-34-3/shared_elhaik_lab1/Projects/Microbiome/Malmo2025/fastq_files/zr23059_239_R2.fastq.gz
zr23059_23	/lunarc/nobackup/projects/snic2019-34-3/shared_elhaik_lab1/Projects/Microbiome/Malmo2025/fastq_files/zr23059_23_R1.fastq.gz	/lunarc/nobackup/projects/snic2019-34-3/shared_elhaik_lab1/Projects/Microbiome/Malmo2025/fastq_files/zr23059_23_R2.fastq.gz
zr23059_240	/lunarc/nobackup/projects/snic2019-34-3/shared_elhaik_lab1/Projects/Microbiome/Malmo2025/fastq_files/zr23059_240_R1.fastq.gz	/lunarc/nobackup/projects/snic2019-34-3/shared_elhaik_lab1/Projects/Microbiome/Malmo2025/fastq_files/zr23059_240_R2.fastq.gz
zr23059_241	/lunarc/nobackup/projects/snic2019-34-3/shared_elhaik_lab1/Projects/Microbiome/Malmo2025/fastq_files/zr23059_241_R1.fastq.gz	/lunarc/nobackup/projects/snic2019-34-3/shared_elhaik_lab1/Projects/Microbiome/Malmo2025/fastq_files/zr23059_241_R2.fastq.gz
zr23059_242	/lunarc/nobackup/projects/snic2019-34-3/shared_elhaik_lab1/Projects/Microbiome/Malmo2025/fastq_files/zr23059_242_R1.fastq.gz	/lunarc/nobackup/projects/snic2019-34-3/shared_elhaik_lab1/Projects/Microbiome/Malmo2025/fastq_files/zr23059_242_R2.fastq.gz
zr23059_243	/lunarc/nobackup/projects/snic2019-34-3/shared_elhaik_lab1/Projects/Microbiome/Malmo2025/fastq_files/zr23059_243_R1.fastq.gz	/lunarc/nobackup/projects/snic2019-34-3/shared_elhaik_lab1/Projects/Microbiome/Malmo2025/fastq_files/zr23059_243_R2.fastq.gz
zr23059_244	/lunarc/nobackup/projects/snic2019-34-3/shared_elhaik_lab1/Projects/Microbiome/Malmo2025/fastq_files/zr23059_244_R1.fastq.gz	/lunarc/nobackup/projects/snic2019-34-3/shared_elhaik_lab1/Projects/Microbiome/Malmo2025/fastq_files/zr23059_244_R2.fastq.gz
zr23059_245	/lunarc/nobackup/projects/snic2019-34-3/shared_elhaik_lab1/Projects/Microbiome/Malmo2025/fastq_files/zr23059_245_R1.fastq.gz	/lunarc/nobackup/projects/snic2019-34-3/shared_elhaik_lab1/Projects/Microbiome/Malmo2025/fastq_files/zr23059_245_R2.fastq.gz
zr23059_246	/lunarc/nobackup/projects/snic2019-34-3/shared_elhaik_lab1/Projects/Microbiome/Malmo2025/fastq_files/zr23059_246_R1.fastq.gz	/lunarc/nobackup/projects/snic2019-34-3/shared_elhaik_lab1/Projects/Microbiome/Malmo2025/fastq_files/zr23059_246_R2.fastq.gz
zr23059_247	/lunarc/nobackup/projects/snic2019-34-3/shared_elhaik_lab1/Projects/Microbiome/Malmo2025/fastq_files/zr23059_247_R1.fastq.gz	/lunarc/nobackup/projects/snic2019-34-3/shared_elhaik_lab1/Projects/Microbiome/Malmo2025/fastq_files/zr23059_247_R2.fastq.gz
zr23059_248	/lunarc/nobackup/projects/snic2019-34-3/shared_elhaik_lab1/Projects/Microbiome/Malmo2025/fastq_files/zr23059_248_R1.fastq.gz	/lunarc/nobackup/projects/snic2019-34-3/shared_elhaik_lab1/Projects/Microbiome/Malmo2025/fastq_files/zr23059_248_R2.fastq.gz
zr23059_249	/lunarc/nobackup/projects/snic2019-34-3/shared_elhaik_lab1/Projects/Microbiome/Malmo2025/fastq_files/zr23059_249_R1.fastq.gz	/lunarc/nobackup/projects/snic2019-34-3/shared_elhaik_lab1/Projects/Microbiome/Malmo2025/fastq_files/zr23059_249_R2.fastq.gz
zr23059_24	/lunarc/nobackup/projects/snic2019-34-3/shared_elhaik_lab1/Projects/Microbiome/Malmo2025/fastq_files/zr23059_24_R1.fastq.gz	/lunarc/nobackup/projects/snic2019-34-3/shared_elhaik_lab1/Projects/Microbiome/Malmo2025/fastq_files/zr23059_24_R2.fastq.gz
zr23059_250	/lunarc/nobackup/projects/snic2019-34-3/shared_elhaik_lab1/Projects/Microbiome/Malmo2025/fastq_files/zr23059_250_R1.fastq.gz	/lunarc/nobackup/projects/snic2019-34-3/shared_elhaik_lab1/Projects/Microbiome/Malmo2025/fastq_files/zr23059_250_R2.fastq.gz
zr23059_251	/lunarc/nobackup/projects/snic2019-34-3/shared_elhaik_lab1/Projects/Microbiome/Malmo2025/fastq_files/zr23059_251_R1.fastq.gz	/lunarc/nobackup/projects/snic2019-34-3/shared_elhaik_lab1/Projects/Microbiome/Malmo2025/fastq_files/zr23059_251_R2.fastq.gz
zr23059_252	/lunarc/nobackup/projects/snic2019-34-3/shared_elhaik_lab1/Projects/Microbiome/Malmo2025/fastq_files/zr23059_252_R1.fastq.gz	/lunarc/nobackup/projects/snic2019-34-3/shared_elhaik_lab1/Projects/Microbiome/Malmo2025/fastq_files/zr23059_252_R2.fastq.gz
zr23059_253	/lunarc/nobackup/projects/snic2019-34-3/shared_elhaik_lab1/Projects/Microbiome/Malmo2025/fastq_files/zr23059_253_R1.fastq.gz	/lunarc/nobackup/projects/snic2019-34-3/shared_elhaik_lab1/Projects/Microbiome/Malmo2025/fastq_files/zr23059_253_R2.fastq.gz
zr23059_254	/lunarc/nobackup/projects/snic2019-34-3/shared_elhaik_lab1/Projects/Microbiome/Malmo2025/fastq_files/zr23059_254_R1.fastq.gz	/lunarc/nobackup/projects/snic2019-34-3/shared_elhaik_lab1/Projects/Microbiome/Malmo2025/fastq_files/zr23059_254_R2.fastq.gz
zr23059_255	/lunarc/nobackup/projects/snic2019-34-3/shared_elhaik_lab1/Projects/Microbiome/Malmo2025/fastq_files/zr23059_255_R1.fastq.gz	/lunarc/nobackup/projects/snic2019-34-3/shared_elhaik_lab1/Projects/Microbiome/Malmo2025/fastq_files/zr23059_255_R2.fastq.gz
zr23059_256	/lunarc/nobackup/projects/snic2019-34-3/shared_elhaik_lab1/Projects/Microbiome/Malmo2025/fastq_files/zr23059_256_R1.fastq.gz	/lunarc/nobackup/projects/snic2019-34-3/shared_elhaik_lab1/Projects/Microbiome/Malmo2025/fastq_files/zr23059_256_R2.fastq.gz
zr23059_257	/lunarc/nobackup/projects/snic2019-34-3/shared_elhaik_lab1/Projects/Microbiome/Malmo2025/fastq_files/zr23059_257_R1.fastq.gz	/lunarc/nobackup/projects/snic2019-34-3/shared_elhaik_lab1/Projects/Microbiome/Malmo2025/fastq_files/zr23059_257_R2.fastq.gz
zr23059_258	/lunarc/nobackup/projects/snic2019-34-3/shared_elhaik_lab1/Projects/Microbiome/Malmo2025/fastq_files/zr23059_258_R1.fastq.gz	/lunarc/nobackup/projects/snic2019-34-3/shared_elhaik_lab1/Projects/Microbiome/Malmo2025/fastq_files/zr23059_258_R2.fastq.gz
zr23059_259	/lunarc/nobackup/projects/snic2019-34-3/shared_elhaik_lab1/Projects/Microbiome/Malmo2025/fastq_files/zr23059_259_R1.fastq.gz	/lunarc/nobackup/projects/snic2019-34-3/shared_elhaik_lab1/Projects/Microbiome/Malmo2025/fastq_files/zr23059_259_R2.fastq.gz
zr23059_25	/lunarc/nobackup/projects/snic2019-34-3/shared_elhaik_lab1/Projects/Microbiome/Malmo2025/fastq_files/zr23059_25_R1.fastq.gz	/lunarc/nobackup/projects/snic2019-34-3/shared_elhaik_lab1/Projects/Microbiome/Malmo2025/fastq_files/zr23059_25_R2.fastq.gz
zr23059_260	/lunarc/nobackup/projects/snic2019-34-3/shared_elhaik_lab1/Projects/Microbiome/Malmo2025/fastq_files/zr23059_260_R1.fastq.gz	/lunarc/nobackup/projects/snic2019-34-3/shared_elhaik_lab1/Projects/Microbiome/Malmo2025/fastq_files/zr23059_260_R2.fastq.gz
zr23059_261	/lunarc/nobackup/projects/snic2019-34-3/shared_elhaik_lab1/Projects/Microbiome/Malmo2025/fastq_files/zr23059_261_R1.fastq.gz	/lunarc/nobackup/projects/snic2019-34-3/shared_elhaik_lab1/Projects/Microbiome/Malmo2025/fastq_files/zr23059_261_R2.fastq.gz
zr23059_262	/lunarc/nobackup/projects/snic2019-34-3/shared_elhaik_lab1/Projects/Microbiome/Malmo2025/fastq_files/zr23059_262_R1.fastq.gz	/lunarc/nobackup/projects/snic2019-34-3/shared_elhaik_lab1/Projects/Microbiome/Malmo2025/fastq_files/zr23059_262_R2.fastq.gz
zr23059_263	/lunarc/nobackup/projects/snic2019-34-3/shared_elhaik_lab1/Projects/Microbiome/Malmo2025/fastq_files/zr23059_263_R1.fastq.gz	/lunarc/nobackup/projects/snic2019-34-3/shared_elhaik_lab1/Projects/Microbiome/Malmo2025/fastq_files/zr23059_263_R2.fastq.gz
zr23059_264	/lunarc/nobackup/projects/snic2019-34-3/shared_elhaik_lab1/Projects/Microbiome/Malmo2025/fastq_files/zr23059_264_R1.fastq.gz	/lunarc/nobackup/projects/snic2019-34-3/shared_elhaik_lab1/Projects/Microbiome/Malmo2025/fastq_files/zr23059_264_R2.fastq.gz
zr23059_265	/lunarc/nobackup/projects/snic2019-34-3/shared_elhaik_lab1/Projects/Microbiome/Malmo2025/fastq_files/zr23059_265_R1.fastq.gz	/lunarc/nobackup/projects/snic2019-34-3/shared_elhaik_lab1/Projects/Microbiome/Malmo2025/fastq_files/zr23059_265_R2.fastq.gz
zr23059_266	/lunarc/nobackup/projects/snic2019-34-3/shared_elhaik_lab1/Projects/Microbiome/Malmo2025/fastq_files/zr23059_266_R1.fastq.gz	/lunarc/nobackup/projects/snic2019-34-3/shared_elhaik_lab1/Projects/Microbiome/Malmo2025/fastq_files/zr23059_266_R2.fastq.gz
zr23059_267	/lunarc/nobackup/projects/snic2019-34-3/shared_elhaik_lab1/Projects/Microbiome/Malmo2025/fastq_files/zr23059_267_R1.fastq.gz	/lunarc/nobackup/projects/snic2019-34-3/shared_elhaik_lab1/Projects/Microbiome/Malmo2025/fastq_files/zr23059_267_R2.fastq.gz
zr23059_268	/lunarc/nobackup/projects/snic2019-34-3/shared_elhaik_lab1/Projects/Microbiome/Malmo2025/fastq_files/zr23059_268_R1.fastq.gz	/lunarc/nobackup/projects/snic2019-34-3/shared_elhaik_lab1/Projects/Microbiome/Malmo2025/fastq_files/zr23059_268_R2.fastq.gz
zr23059_269	/lunarc/nobackup/projects/snic2019-34-3/shared_elhaik_lab1/Projects/Microbiome/Malmo2025/fastq_files/zr23059_269_R1.fastq.gz	/lunarc/nobackup/projects/snic2019-34-3/shared_elhaik_lab1/Projects/Microbiome/Malmo2025/fastq_files/zr23059_269_R2.fastq.gz
zr23059_26	/lunarc/nobackup/projects/snic2019-34-3/shared_elhaik_lab1/Projects/Microbiome/Malmo2025/fastq_files/zr23059_26_R1.fastq.gz	/lunarc/nobackup/projects/snic2019-34-3/shared_elhaik_lab1/Projects/Microbiome/Malmo2025/fastq_files/zr23059_26_R2.fastq.gz
zr23059_270	/lunarc/nobackup/projects/snic2019-34-3/shared_elhaik_lab1/Projects/Microbiome/Malmo2025/fastq_files/zr23059_270_R1.fastq.gz	/lunarc/nobackup/projects/snic2019-34-3/shared_elhaik_lab1/Projects/Microbiome/Malmo2025/fastq_files/zr23059_270_R2.fastq.gz
zr23059_271	/lunarc/nobackup/projects/snic2019-34-3/shared_elhaik_lab1/Projects/Microbiome/Malmo2025/fastq_files/zr23059_271_R1.fastq.gz	/lunarc/nobackup/projects/snic2019-34-3/shared_elhaik_lab1/Projects/Microbiome/Malmo2025/fastq_files/zr23059_271_R2.fastq.gz
zr23059_272	/lunarc/nobackup/projects/snic2019-34-3/shared_elhaik_lab1/Projects/Microbiome/Malmo2025/fastq_files/zr23059_272_R1.fastq.gz	/lunarc/nobackup/projects/snic2019-34-3/shared_elhaik_lab1/Projects/Microbiome/Malmo2025/fastq_files/zr23059_272_R2.fastq.gz
zr23059_273	/lunarc/nobackup/projects/snic2019-34-3/shared_elhaik_lab1/Projects/Microbiome/Malmo2025/fastq_files/zr23059_273_R1.fastq.gz	/lunarc/nobackup/projects/snic2019-34-3/shared_elhaik_lab1/Projects/Microbiome/Malmo2025/fastq_files/zr23059_273_R2.fastq.gz
zr23059_274	/lunarc/nobackup/projects/snic2019-34-3/shared_elhaik_lab1/Projects/Microbiome/Malmo2025/fastq_files/zr23059_274_R1.fastq.gz	/lunarc/nobackup/projects/snic2019-34-3/shared_elhaik_lab1/Projects/Microbiome/Malmo2025/fastq_files/zr23059_274_R2.fastq.gz
zr23059_275	/lunarc/nobackup/projects/snic2019-34-3/shared_elhaik_lab1/Projects/Microbiome/Malmo2025/fastq_files/zr23059_275_R1.fastq.gz	/lunarc/nobackup/projects/snic2019-34-3/shared_elhaik_lab1/Projects/Microbiome/Malmo2025/fastq_files/zr23059_275_R2.fastq.gz
zr23059_276	/lunarc/nobackup/projects/snic2019-34-3/shared_elhaik_lab1/Projects/Microbiome/Malmo2025/fastq_files/zr23059_276_R1.fastq.gz	/lunarc/nobackup/projects/snic2019-34-3/shared_elhaik_lab1/Projects/Microbiome/Malmo2025/fastq_files/zr23059_276_R2.fastq.gz
zr23059_277	/lunarc/nobackup/projects/snic2019-34-3/shared_elhaik_lab1/Projects/Microbiome/Malmo2025/fastq_files/zr23059_277_R1.fastq.gz	/lunarc/nobackup/projects/snic2019-34-3/shared_elhaik_lab1/Projects/Microbiome/Malmo2025/fastq_files/zr23059_277_R2.fastq.gz
zr23059_278	/lunarc/nobackup/projects/snic2019-34-3/shared_elhaik_lab1/Projects/Microbiome/Malmo2025/fastq_files/zr23059_278_R1.fastq.gz	/lunarc/nobackup/projects/snic2019-34-3/shared_elhaik_lab1/Projects/Microbiome/Malmo2025/fastq_files/zr23059_278_R2.fastq.gz
zr23059_279	/lunarc/nobackup/projects/snic2019-34-3/shared_elhaik_lab1/Projects/Microbiome/Malmo2025/fastq_files/zr23059_279_R1.fastq.gz	/lunarc/nobackup/projects/snic2019-34-3/shared_elhaik_lab1/Projects/Microbiome/Malmo2025/fastq_files/zr23059_279_R2.fastq.gz
zr23059_27	/lunarc/nobackup/projects/snic2019-34-3/shared_elhaik_lab1/Projects/Microbiome/Malmo2025/fastq_files/zr23059_27_R1.fastq.gz	/lunarc/nobackup/projects/snic2019-34-3/shared_elhaik_lab1/Projects/Microbiome/Malmo2025/fastq_files/zr23059_27_R2.fastq.gz
zr23059_280	/lunarc/nobackup/projects/snic2019-34-3/shared_elhaik_lab1/Projects/Microbiome/Malmo2025/fastq_files/zr23059_280_R1.fastq.gz	/lunarc/nobackup/projects/snic2019-34-3/shared_elhaik_lab1/Projects/Microbiome/Malmo2025/fastq_files/zr23059_280_R2.fastq.gz
zr23059_282	/lunarc/nobackup/projects/snic2019-34-3/shared_elhaik_lab1/Projects/Microbiome/Malmo2025/fastq_files/zr23059_282_R1.fastq.gz	/lunarc/nobackup/projects/snic2019-34-3/shared_elhaik_lab1/Projects/Microbiome/Malmo2025/fastq_files/zr23059_282_R2.fastq.gz
zr23059_283	/lunarc/nobackup/projects/snic2019-34-3/shared_elhaik_lab1/Projects/Microbiome/Malmo2025/fastq_files/zr23059_283_R1.fastq.gz	/lunarc/nobackup/projects/snic2019-34-3/shared_elhaik_lab1/Projects/Microbiome/Malmo2025/fastq_files/zr23059_283_R2.fastq.gz
zr23059_284	/lunarc/nobackup/projects/snic2019-34-3/shared_elhaik_lab1/Projects/Microbiome/Malmo2025/fastq_files/zr23059_284_R1.fastq.gz	/lunarc/nobackup/projects/snic2019-34-3/shared_elhaik_lab1/Projects/Microbiome/Malmo2025/fastq_files/zr23059_284_R2.fastq.gz
zr23059_285	/lunarc/nobackup/projects/snic2019-34-3/shared_elhaik_lab1/Projects/Microbiome/Malmo2025/fastq_files/zr23059_285_R1.fastq.gz	/lunarc/nobackup/projects/snic2019-34-3/shared_elhaik_lab1/Projects/Microbiome/Malmo2025/fastq_files/zr23059_285_R2.fastq.gz
zr23059_286	/lunarc/nobackup/projects/snic2019-34-3/shared_elhaik_lab1/Projects/Microbiome/Malmo2025/fastq_files/zr23059_286_R1.fastq.gz	/lunarc/nobackup/projects/snic2019-34-3/shared_elhaik_lab1/Projects/Microbiome/Malmo2025/fastq_files/zr23059_286_R2.fastq.gz
zr23059_287	/lunarc/nobackup/projects/snic2019-34-3/shared_elhaik_lab1/Projects/Microbiome/Malmo2025/fastq_files/zr23059_287_R1.fastq.gz	/lunarc/nobackup/projects/snic2019-34-3/shared_elhaik_lab1/Projects/Microbiome/Malmo2025/fastq_files/zr23059_287_R2.fastq.gz
zr23059_288	/lunarc/nobackup/projects/snic2019-34-3/shared_elhaik_lab1/Projects/Microbiome/Malmo2025/fastq_files/zr23059_288_R1.fastq.gz	/lunarc/nobackup/projects/snic2019-34-3/shared_elhaik_lab1/Projects/Microbiome/Malmo2025/fastq_files/zr23059_288_R2.fastq.gz
zr23059_289	/lunarc/nobackup/projects/snic2019-34-3/shared_elhaik_lab1/Projects/Microbiome/Malmo2025/fastq_files/zr23059_289_R1.fastq.gz	/lunarc/nobackup/projects/snic2019-34-3/shared_elhaik_lab1/Projects/Microbiome/Malmo2025/fastq_files/zr23059_289_R2.fastq.gz
zr23059_28	/lunarc/nobackup/projects/snic2019-34-3/shared_elhaik_lab1/Projects/Microbiome/Malmo2025/fastq_files/zr23059_28_R1.fastq.gz	/lunarc/nobackup/projects/snic2019-34-3/shared_elhaik_lab1/Projects/Microbiome/Malmo2025/fastq_files/zr23059_28_R2.fastq.gz
zr23059_290	/lunarc/nobackup/projects/snic2019-34-3/shared_elhaik_lab1/Projects/Microbiome/Malmo2025/fastq_files/zr23059_290_R1.fastq.gz	/lunarc/nobackup/projects/snic2019-34-3/shared_elhaik_lab1/Projects/Microbiome/Malmo2025/fastq_files/zr23059_290_R2.fastq.gz
zr23059_291	/lunarc/nobackup/projects/snic2019-34-3/shared_elhaik_lab1/Projects/Microbiome/Malmo2025/fastq_files/zr23059_291_R1.fastq.gz	/lunarc/nobackup/projects/snic2019-34-3/shared_elhaik_lab1/Projects/Microbiome/Malmo2025/fastq_files/zr23059_291_R2.fastq.gz
zr23059_292	/lunarc/nobackup/projects/snic2019-34-3/shared_elhaik_lab1/Projects/Microbiome/Malmo2025/fastq_files/zr23059_292_R1.fastq.gz	/lunarc/nobackup/projects/snic2019-34-3/shared_elhaik_lab1/Projects/Microbiome/Malmo2025/fastq_files/zr23059_292_R2.fastq.gz
zr23059_293	/lunarc/nobackup/projects/snic2019-34-3/shared_elhaik_lab1/Projects/Microbiome/Malmo2025/fastq_files/zr23059_293_R1.fastq.gz	/lunarc/nobackup/projects/snic2019-34-3/shared_elhaik_lab1/Projects/Microbiome/Malmo2025/fastq_files/zr23059_293_R2.fastq.gz
zr23059_294	/lunarc/nobackup/projects/snic2019-34-3/shared_elhaik_lab1/Projects/Microbiome/Malmo2025/fastq_files/zr23059_294_R1.fastq.gz	/lunarc/nobackup/projects/snic2019-34-3/shared_elhaik_lab1/Projects/Microbiome/Malmo2025/fastq_files/zr23059_294_R2.fastq.gz
zr23059_295	/lunarc/nobackup/projects/snic2019-34-3/shared_elhaik_lab1/Projects/Microbiome/Malmo2025/fastq_files/zr23059_295_R1.fastq.gz	/lunarc/nobackup/projects/snic2019-34-3/shared_elhaik_lab1/Projects/Microbiome/Malmo2025/fastq_files/zr23059_295_R2.fastq.gz
zr23059_296	/lunarc/nobackup/projects/snic2019-34-3/shared_elhaik_lab1/Projects/Microbiome/Malmo2025/fastq_files/zr23059_296_R1.fastq.gz	/lunarc/nobackup/projects/snic2019-34-3/shared_elhaik_lab1/Projects/Microbiome/Malmo2025/fastq_files/zr23059_296_R2.fastq.gz
zr23059_297	/lunarc/nobackup/projects/snic2019-34-3/shared_elhaik_lab1/Projects/Microbiome/Malmo2025/fastq_files/zr23059_297_R1.fastq.gz	/lunarc/nobackup/projects/snic2019-34-3/shared_elhaik_lab1/Projects/Microbiome/Malmo2025/fastq_files/zr23059_297_R2.fastq.gz
zr23059_298	/lunarc/nobackup/projects/snic2019-34-3/shared_elhaik_lab1/Projects/Microbiome/Malmo2025/fastq_files/zr23059_298_R1.fastq.gz	/lunarc/nobackup/projects/snic2019-34-3/shared_elhaik_lab1/Projects/Microbiome/Malmo2025/fastq_files/zr23059_298_R2.fastq.gz
zr23059_299	/lunarc/nobackup/projects/snic2019-34-3/shared_elhaik_lab1/Projects/Microbiome/Malmo2025/fastq_files/zr23059_299_R1.fastq.gz	/lunarc/nobackup/projects/snic2019-34-3/shared_elhaik_lab1/Projects/Microbiome/Malmo2025/fastq_files/zr23059_299_R2.fastq.gz
zr23059_29	/lunarc/nobackup/projects/snic2019-34-3/shared_elhaik_lab1/Projects/Microbiome/Malmo2025/fastq_files/zr23059_29_R1.fastq.gz	/lunarc/nobackup/projects/snic2019-34-3/shared_elhaik_lab1/Projects/Microbiome/Malmo2025/fastq_files/zr23059_29_R2.fastq.gz
zr23059_2	/lunarc/nobackup/projects/snic2019-34-3/shared_elhaik_lab1/Projects/Microbiome/Malmo2025/fastq_files/zr23059_2_R1.fastq.gz	/lunarc/nobackup/projects/snic2019-34-3/shared_elhaik_lab1/Projects/Microbiome/Malmo2025/fastq_files/zr23059_2_R2.fastq.gz
zr23059_300	/lunarc/nobackup/projects/snic2019-34-3/shared_elhaik_lab1/Projects/Microbiome/Malmo2025/fastq_files/zr23059_300_R1.fastq.gz	/lunarc/nobackup/projects/snic2019-34-3/shared_elhaik_lab1/Projects/Microbiome/Malmo2025/fastq_files/zr23059_300_R2.fastq.gz
zr23059_301	/lunarc/nobackup/projects/snic2019-34-3/shared_elhaik_lab1/Projects/Microbiome/Malmo2025/fastq_files/zr23059_301_R1.fastq.gz	/lunarc/nobackup/projects/snic2019-34-3/shared_elhaik_lab1/Projects/Microbiome/Malmo2025/fastq_files/zr23059_301_R2.fastq.gz
zr23059_302	/lunarc/nobackup/projects/snic2019-34-3/shared_elhaik_lab1/Projects/Microbiome/Malmo2025/fastq_files/zr23059_302_R1.fastq.gz	/lunarc/nobackup/projects/snic2019-34-3/shared_elhaik_lab1/Projects/Microbiome/Malmo2025/fastq_files/zr23059_302_R2.fastq.gz
zr23059_303	/lunarc/nobackup/projects/snic2019-34-3/shared_elhaik_lab1/Projects/Microbiome/Malmo2025/fastq_files/zr23059_303_R1.fastq.gz	/lunarc/nobackup/projects/snic2019-34-3/shared_elhaik_lab1/Projects/Microbiome/Malmo2025/fastq_files/zr23059_303_R2.fastq.gz
zr23059_304	/lunarc/nobackup/projects/snic2019-34-3/shared_elhaik_lab1/Projects/Microbiome/Malmo2025/fastq_files/zr23059_304_R1.fastq.gz	/lunarc/nobackup/projects/snic2019-34-3/shared_elhaik_lab1/Projects/Microbiome/Malmo2025/fastq_files/zr23059_304_R2.fastq.gz
zr23059_305	/lunarc/nobackup/projects/snic2019-34-3/shared_elhaik_lab1/Projects/Microbiome/Malmo2025/fastq_files/zr23059_305_R1.fastq.gz	/lunarc/nobackup/projects/snic2019-34-3/shared_elhaik_lab1/Projects/Microbiome/Malmo2025/fastq_files/zr23059_305_R2.fastq.gz
zr23059_306	/lunarc/nobackup/projects/snic2019-34-3/shared_elhaik_lab1/Projects/Microbiome/Malmo2025/fastq_files/zr23059_306_R1.fastq.gz	/lunarc/nobackup/projects/snic2019-34-3/shared_elhaik_lab1/Projects/Microbiome/Malmo2025/fastq_files/zr23059_306_R2.fastq.gz
zr23059_307	/lunarc/nobackup/projects/snic2019-34-3/shared_elhaik_lab1/Projects/Microbiome/Malmo2025/fastq_files/zr23059_307_R1.fastq.gz	/lunarc/nobackup/projects/snic2019-34-3/shared_elhaik_lab1/Projects/Microbiome/Malmo2025/fastq_files/zr23059_307_R2.fastq.gz
zr23059_308	/lunarc/nobackup/projects/snic2019-34-3/shared_elhaik_lab1/Projects/Microbiome/Malmo2025/fastq_files/zr23059_308_R1.fastq.gz	/lunarc/nobackup/projects/snic2019-34-3/shared_elhaik_lab1/Projects/Microbiome/Malmo2025/fastq_files/zr23059_308_R2.fastq.gz
zr23059_309	/lunarc/nobackup/projects/snic2019-34-3/shared_elhaik_lab1/Projects/Microbiome/Malmo2025/fastq_files/zr23059_309_R1.fastq.gz	/lunarc/nobackup/projects/snic2019-34-3/shared_elhaik_lab1/Projects/Microbiome/Malmo2025/fastq_files/zr23059_309_R2.fastq.gz
zr23059_30	/lunarc/nobackup/projects/snic2019-34-3/shared_elhaik_lab1/Projects/Microbiome/Malmo2025/fastq_files/zr23059_30_R1.fastq.gz	/lunarc/nobackup/projects/snic2019-34-3/shared_elhaik_lab1/Projects/Microbiome/Malmo2025/fastq_files/zr23059_30_R2.fastq.gz
zr23059_310	/lunarc/nobackup/projects/snic2019-34-3/shared_elhaik_lab1/Projects/Microbiome/Malmo2025/fastq_files/zr23059_310_R1.fastq.gz	/lunarc/nobackup/projects/snic2019-34-3/shared_elhaik_lab1/Projects/Microbiome/Malmo2025/fastq_files/zr23059_310_R2.fastq.gz
zr23059_311	/lunarc/nobackup/projects/snic2019-34-3/shared_elhaik_lab1/Projects/Microbiome/Malmo2025/fastq_files/zr23059_311_R1.fastq.gz	/lunarc/nobackup/projects/snic2019-34-3/shared_elhaik_lab1/Projects/Microbiome/Malmo2025/fastq_files/zr23059_311_R2.fastq.gz
zr23059_312	/lunarc/nobackup/projects/snic2019-34-3/shared_elhaik_lab1/Projects/Microbiome/Malmo2025/fastq_files/zr23059_312_R1.fastq.gz	/lunarc/nobackup/projects/snic2019-34-3/shared_elhaik_lab1/Projects/Microbiome/Malmo2025/fastq_files/zr23059_312_R2.fastq.gz
zr23059_313	/lunarc/nobackup/projects/snic2019-34-3/shared_elhaik_lab1/Projects/Microbiome/Malmo2025/fastq_files/zr23059_313_R1.fastq.gz	/lunarc/nobackup/projects/snic2019-34-3/shared_elhaik_lab1/Projects/Microbiome/Malmo2025/fastq_files/zr23059_313_R2.fastq.gz
zr23059_314	/lunarc/nobackup/projects/snic2019-34-3/shared_elhaik_lab1/Projects/Microbiome/Malmo2025/fastq_files/zr23059_314_R1.fastq.gz	/lunarc/nobackup/projects/snic2019-34-3/shared_elhaik_lab1/Projects/Microbiome/Malmo2025/fastq_files/zr23059_314_R2.fastq.gz
zr23059_315	/lunarc/nobackup/projects/snic2019-34-3/shared_elhaik_lab1/Projects/Microbiome/Malmo2025/fastq_files/zr23059_315_R1.fastq.gz	/lunarc/nobackup/projects/snic2019-34-3/shared_elhaik_lab1/Projects/Microbiome/Malmo2025/fastq_files/zr23059_315_R2.fastq.gz
zr23059_316	/lunarc/nobackup/projects/snic2019-34-3/shared_elhaik_lab1/Projects/Microbiome/Malmo2025/fastq_files/zr23059_316_R1.fastq.gz	/lunarc/nobackup/projects/snic2019-34-3/shared_elhaik_lab1/Projects/Microbiome/Malmo2025/fastq_files/zr23059_316_R2.fastq.gz
zr23059_317	/lunarc/nobackup/projects/snic2019-34-3/shared_elhaik_lab1/Projects/Microbiome/Malmo2025/fastq_files/zr23059_317_R1.fastq.gz	/lunarc/nobackup/projects/snic2019-34-3/shared_elhaik_lab1/Projects/Microbiome/Malmo2025/fastq_files/zr23059_317_R2.fastq.gz
zr23059_318	/lunarc/nobackup/projects/snic2019-34-3/shared_elhaik_lab1/Projects/Microbiome/Malmo2025/fastq_files/zr23059_318_R1.fastq.gz	/lunarc/nobackup/projects/snic2019-34-3/shared_elhaik_lab1/Projects/Microbiome/Malmo2025/fastq_files/zr23059_318_R2.fastq.gz
zr23059_319	/lunarc/nobackup/projects/snic2019-34-3/shared_elhaik_lab1/Projects/Microbiome/Malmo2025/fastq_files/zr23059_319_R1.fastq.gz	/lunarc/nobackup/projects/snic2019-34-3/shared_elhaik_lab1/Projects/Microbiome/Malmo2025/fastq_files/zr23059_319_R2.fastq.gz
zr23059_31	/lunarc/nobackup/projects/snic2019-34-3/shared_elhaik_lab1/Projects/Microbiome/Malmo2025/fastq_files/zr23059_31_R1.fastq.gz	/lunarc/nobackup/projects/snic2019-34-3/shared_elhaik_lab1/Projects/Microbiome/Malmo2025/fastq_files/zr23059_31_R2.fastq.gz
zr23059_320	/lunarc/nobackup/projects/snic2019-34-3/shared_elhaik_lab1/Projects/Microbiome/Malmo2025/fastq_files/zr23059_320_R1.fastq.gz	/lunarc/nobackup/projects/snic2019-34-3/shared_elhaik_lab1/Projects/Microbiome/Malmo2025/fastq_files/zr23059_320_R2.fastq.gz
zr23059_321	/lunarc/nobackup/projects/snic2019-34-3/shared_elhaik_lab1/Projects/Microbiome/Malmo2025/fastq_files/zr23059_321_R1.fastq.gz	/lunarc/nobackup/projects/snic2019-34-3/shared_elhaik_lab1/Projects/Microbiome/Malmo2025/fastq_files/zr23059_321_R2.fastq.gz
zr23059_322	/lunarc/nobackup/projects/snic2019-34-3/shared_elhaik_lab1/Projects/Microbiome/Malmo2025/fastq_files/zr23059_322_R1.fastq.gz	/lunarc/nobackup/projects/snic2019-34-3/shared_elhaik_lab1/Projects/Microbiome/Malmo2025/fastq_files/zr23059_322_R2.fastq.gz
zr23059_323	/lunarc/nobackup/projects/snic2019-34-3/shared_elhaik_lab1/Projects/Microbiome/Malmo2025/fastq_files/zr23059_323_R1.fastq.gz	/lunarc/nobackup/projects/snic2019-34-3/shared_elhaik_lab1/Projects/Microbiome/Malmo2025/fastq_files/zr23059_323_R2.fastq.gz
zr23059_324	/lunarc/nobackup/projects/snic2019-34-3/shared_elhaik_lab1/Projects/Microbiome/Malmo2025/fastq_files/zr23059_324_R1.fastq.gz	/lunarc/nobackup/projects/snic2019-34-3/shared_elhaik_lab1/Projects/Microbiome/Malmo2025/fastq_files/zr23059_324_R2.fastq.gz
zr23059_325	/lunarc/nobackup/projects/snic2019-34-3/shared_elhaik_lab1/Projects/Microbiome/Malmo2025/fastq_files/zr23059_325_R1.fastq.gz	/lunarc/nobackup/projects/snic2019-34-3/shared_elhaik_lab1/Projects/Microbiome/Malmo2025/fastq_files/zr23059_325_R2.fastq.gz
zr23059_326	/lunarc/nobackup/projects/snic2019-34-3/shared_elhaik_lab1/Projects/Microbiome/Malmo2025/fastq_files/zr23059_326_R1.fastq.gz	/lunarc/nobackup/projects/snic2019-34-3/shared_elhaik_lab1/Projects/Microbiome/Malmo2025/fastq_files/zr23059_326_R2.fastq.gz
zr23059_327	/lunarc/nobackup/projects/snic2019-34-3/shared_elhaik_lab1/Projects/Microbiome/Malmo2025/fastq_files/zr23059_327_R1.fastq.gz	/lunarc/nobackup/projects/snic2019-34-3/shared_elhaik_lab1/Projects/Microbiome/Malmo2025/fastq_files/zr23059_327_R2.fastq.gz
zr23059_328	/lunarc/nobackup/projects/snic2019-34-3/shared_elhaik_lab1/Projects/Microbiome/Malmo2025/fastq_files/zr23059_328_R1.fastq.gz	/lunarc/nobackup/projects/snic2019-34-3/shared_elhaik_lab1/Projects/Microbiome/Malmo2025/fastq_files/zr23059_328_R2.fastq.gz
zr23059_329	/lunarc/nobackup/projects/snic2019-34-3/shared_elhaik_lab1/Projects/Microbiome/Malmo2025/fastq_files/zr23059_329_R1.fastq.gz	/lunarc/nobackup/projects/snic2019-34-3/shared_elhaik_lab1/Projects/Microbiome/Malmo2025/fastq_files/zr23059_329_R2.fastq.gz
zr23059_32	/lunarc/nobackup/projects/snic2019-34-3/shared_elhaik_lab1/Projects/Microbiome/Malmo2025/fastq_files/zr23059_32_R1.fastq.gz	/lunarc/nobackup/projects/snic2019-34-3/shared_elhaik_lab1/Projects/Microbiome/Malmo2025/fastq_files/zr23059_32_R2.fastq.gz
zr23059_330	/lunarc/nobackup/projects/snic2019-34-3/shared_elhaik_lab1/Projects/Microbiome/Malmo2025/fastq_files/zr23059_330_R1.fastq.gz	/lunarc/nobackup/projects/snic2019-34-3/shared_elhaik_lab1/Projects/Microbiome/Malmo2025/fastq_files/zr23059_330_R2.fastq.gz
zr23059_331	/lunarc/nobackup/projects/snic2019-34-3/shared_elhaik_lab1/Projects/Microbiome/Malmo2025/fastq_files/zr23059_331_R1.fastq.gz	/lunarc/nobackup/projects/snic2019-34-3/shared_elhaik_lab1/Projects/Microbiome/Malmo2025/fastq_files/zr23059_331_R2.fastq.gz
zr23059_33	/lunarc/nobackup/projects/snic2019-34-3/shared_elhaik_lab1/Projects/Microbiome/Malmo2025/fastq_files/zr23059_33_R1.fastq.gz	/lunarc/nobackup/projects/snic2019-34-3/shared_elhaik_lab1/Projects/Microbiome/Malmo2025/fastq_files/zr23059_33_R2.fastq.gz
zr23059_34	/lunarc/nobackup/projects/snic2019-34-3/shared_elhaik_lab1/Projects/Microbiome/Malmo2025/fastq_files/zr23059_34_R1.fastq.gz	/lunarc/nobackup/projects/snic2019-34-3/shared_elhaik_lab1/Projects/Microbiome/Malmo2025/fastq_files/zr23059_34_R2.fastq.gz
zr23059_35	/lunarc/nobackup/projects/snic2019-34-3/shared_elhaik_lab1/Projects/Microbiome/Malmo2025/fastq_files/zr23059_35_R1.fastq.gz	/lunarc/nobackup/projects/snic2019-34-3/shared_elhaik_lab1/Projects/Microbiome/Malmo2025/fastq_files/zr23059_35_R2.fastq.gz
zr23059_36	/lunarc/nobackup/projects/snic2019-34-3/shared_elhaik_lab1/Projects/Microbiome/Malmo2025/fastq_files/zr23059_36_R1.fastq.gz	/lunarc/nobackup/projects/snic2019-34-3/shared_elhaik_lab1/Projects/Microbiome/Malmo2025/fastq_files/zr23059_36_R2.fastq.gz
zr23059_37	/lunarc/nobackup/projects/snic2019-34-3/shared_elhaik_lab1/Projects/Microbiome/Malmo2025/fastq_files/zr23059_37_R1.fastq.gz	/lunarc/nobackup/projects/snic2019-34-3/shared_elhaik_lab1/Projects/Microbiome/Malmo2025/fastq_files/zr23059_37_R2.fastq.gz
zr23059_38	/lunarc/nobackup/projects/snic2019-34-3/shared_elhaik_lab1/Projects/Microbiome/Malmo2025/fastq_files/zr23059_38_R1.fastq.gz	/lunarc/nobackup/projects/snic2019-34-3/shared_elhaik_lab1/Projects/Microbiome/Malmo2025/fastq_files/zr23059_38_R2.fastq.gz
zr23059_39	/lunarc/nobackup/projects/snic2019-34-3/shared_elhaik_lab1/Projects/Microbiome/Malmo2025/fastq_files/zr23059_39_R1.fastq.gz	/lunarc/nobackup/projects/snic2019-34-3/shared_elhaik_lab1/Projects/Microbiome/Malmo2025/fastq_files/zr23059_39_R2.fastq.gz
zr23059_3	/lunarc/nobackup/projects/snic2019-34-3/shared_elhaik_lab1/Projects/Microbiome/Malmo2025/fastq_files/zr23059_3_R1.fastq.gz	/lunarc/nobackup/projects/snic2019-34-3/shared_elhaik_lab1/Projects/Microbiome/Malmo2025/fastq_files/zr23059_3_R2.fastq.gz
zr23059_40	/lunarc/nobackup/projects/snic2019-34-3/shared_elhaik_lab1/Projects/Microbiome/Malmo2025/fastq_files/zr23059_40_R1.fastq.gz	/lunarc/nobackup/projects/snic2019-34-3/shared_elhaik_lab1/Projects/Microbiome/Malmo2025/fastq_files/zr23059_40_R2.fastq.gz
zr23059_41	/lunarc/nobackup/projects/snic2019-34-3/shared_elhaik_lab1/Projects/Microbiome/Malmo2025/fastq_files/zr23059_41_R1.fastq.gz	/lunarc/nobackup/projects/snic2019-34-3/shared_elhaik_lab1/Projects/Microbiome/Malmo2025/fastq_files/zr23059_41_R2.fastq.gz
zr23059_42	/lunarc/nobackup/projects/snic2019-34-3/shared_elhaik_lab1/Projects/Microbiome/Malmo2025/fastq_files/zr23059_42_R1.fastq.gz	/lunarc/nobackup/projects/snic2019-34-3/shared_elhaik_lab1/Projects/Microbiome/Malmo2025/fastq_files/zr23059_42_R2.fastq.gz
zr23059_43	/lunarc/nobackup/projects/snic2019-34-3/shared_elhaik_lab1/Projects/Microbiome/Malmo2025/fastq_files/zr23059_43_R1.fastq.gz	/lunarc/nobackup/projects/snic2019-34-3/shared_elhaik_lab1/Projects/Microbiome/Malmo2025/fastq_files/zr23059_43_R2.fastq.gz
zr23059_44	/lunarc/nobackup/projects/snic2019-34-3/shared_elhaik_lab1/Projects/Microbiome/Malmo2025/fastq_files/zr23059_44_R1.fastq.gz	/lunarc/nobackup/projects/snic2019-34-3/shared_elhaik_lab1/Projects/Microbiome/Malmo2025/fastq_files/zr23059_44_R2.fastq.gz
zr23059_45	/lunarc/nobackup/projects/snic2019-34-3/shared_elhaik_lab1/Projects/Microbiome/Malmo2025/fastq_files/zr23059_45_R1.fastq.gz	/lunarc/nobackup/projects/snic2019-34-3/shared_elhaik_lab1/Projects/Microbiome/Malmo2025/fastq_files/zr23059_45_R2.fastq.gz
zr23059_46	/lunarc/nobackup/projects/snic2019-34-3/shared_elhaik_lab1/Projects/Microbiome/Malmo2025/fastq_files/zr23059_46_R1.fastq.gz	/lunarc/nobackup/projects/snic2019-34-3/shared_elhaik_lab1/Projects/Microbiome/Malmo2025/fastq_files/zr23059_46_R2.fastq.gz
zr23059_47	/lunarc/nobackup/projects/snic2019-34-3/shared_elhaik_lab1/Projects/Microbiome/Malmo2025/fastq_files/zr23059_47_R1.fastq.gz	/lunarc/nobackup/projects/snic2019-34-3/shared_elhaik_lab1/Projects/Microbiome/Malmo2025/fastq_files/zr23059_47_R2.fastq.gz
zr23059_48	/lunarc/nobackup/projects/snic2019-34-3/shared_elhaik_lab1/Projects/Microbiome/Malmo2025/fastq_files/zr23059_48_R1.fastq.gz	/lunarc/nobackup/projects/snic2019-34-3/shared_elhaik_lab1/Projects/Microbiome/Malmo2025/fastq_files/zr23059_48_R2.fastq.gz
zr23059_49	/lunarc/nobackup/projects/snic2019-34-3/shared_elhaik_lab1/Projects/Microbiome/Malmo2025/fastq_files/zr23059_49_R1.fastq.gz	/lunarc/nobackup/projects/snic2019-34-3/shared_elhaik_lab1/Projects/Microbiome/Malmo2025/fastq_files/zr23059_49_R2.fastq.gz
zr23059_4	/lunarc/nobackup/projects/snic2019-34-3/shared_elhaik_lab1/Projects/Microbiome/Malmo2025/fastq_files/zr23059_4_R1.fastq.gz	/lunarc/nobackup/projects/snic2019-34-3/shared_elhaik_lab1/Projects/Microbiome/Malmo2025/fastq_files/zr23059_4_R2.fastq.gz
zr23059_50	/lunarc/nobackup/projects/snic2019-34-3/shared_elhaik_lab1/Projects/Microbiome/Malmo2025/fastq_files/zr23059_50_R1.fastq.gz	/lunarc/nobackup/projects/snic2019-34-3/shared_elhaik_lab1/Projects/Microbiome/Malmo2025/fastq_files/zr23059_50_R2.fastq.gz
zr23059_51	/lunarc/nobackup/projects/snic2019-34-3/shared_elhaik_lab1/Projects/Microbiome/Malmo2025/fastq_files/zr23059_51_R1.fastq.gz	/lunarc/nobackup/projects/snic2019-34-3/shared_elhaik_lab1/Projects/Microbiome/Malmo2025/fastq_files/zr23059_51_R2.fastq.gz
zr23059_52	/lunarc/nobackup/projects/snic2019-34-3/shared_elhaik_lab1/Projects/Microbiome/Malmo2025/fastq_files/zr23059_52_R1.fastq.gz	/lunarc/nobackup/projects/snic2019-34-3/shared_elhaik_lab1/Projects/Microbiome/Malmo2025/fastq_files/zr23059_52_R2.fastq.gz
zr23059_53	/lunarc/nobackup/projects/snic2019-34-3/shared_elhaik_lab1/Projects/Microbiome/Malmo2025/fastq_files/zr23059_53_R1.fastq.gz	/lunarc/nobackup/projects/snic2019-34-3/shared_elhaik_lab1/Projects/Microbiome/Malmo2025/fastq_files/zr23059_53_R2.fastq.gz
zr23059_54	/lunarc/nobackup/projects/snic2019-34-3/shared_elhaik_lab1/Projects/Microbiome/Malmo2025/fastq_files/zr23059_54_R1.fastq.gz	/lunarc/nobackup/projects/snic2019-34-3/shared_elhaik_lab1/Projects/Microbiome/Malmo2025/fastq_files/zr23059_54_R2.fastq.gz
zr23059_55	/lunarc/nobackup/projects/snic2019-34-3/shared_elhaik_lab1/Projects/Microbiome/Malmo2025/fastq_files/zr23059_55_R1.fastq.gz	/lunarc/nobackup/projects/snic2019-34-3/shared_elhaik_lab1/Projects/Microbiome/Malmo2025/fastq_files/zr23059_55_R2.fastq.gz
zr23059_56	/lunarc/nobackup/projects/snic2019-34-3/shared_elhaik_lab1/Projects/Microbiome/Malmo2025/fastq_files/zr23059_56_R1.fastq.gz	/lunarc/nobackup/projects/snic2019-34-3/shared_elhaik_lab1/Projects/Microbiome/Malmo2025/fastq_files/zr23059_56_R2.fastq.gz
zr23059_57	/lunarc/nobackup/projects/snic2019-34-3/shared_elhaik_lab1/Projects/Microbiome/Malmo2025/fastq_files/zr23059_57_R1.fastq.gz	/lunarc/nobackup/projects/snic2019-34-3/shared_elhaik_lab1/Projects/Microbiome/Malmo2025/fastq_files/zr23059_57_R2.fastq.gz
zr23059_58	/lunarc/nobackup/projects/snic2019-34-3/shared_elhaik_lab1/Projects/Microbiome/Malmo2025/fastq_files/zr23059_58_R1.fastq.gz	/lunarc/nobackup/projects/snic2019-34-3/shared_elhaik_lab1/Projects/Microbiome/Malmo2025/fastq_files/zr23059_58_R2.fastq.gz
zr23059_59	/lunarc/nobackup/projects/snic2019-34-3/shared_elhaik_lab1/Projects/Microbiome/Malmo2025/fastq_files/zr23059_59_R1.fastq.gz	/lunarc/nobackup/projects/snic2019-34-3/shared_elhaik_lab1/Projects/Microbiome/Malmo2025/fastq_files/zr23059_59_R2.fastq.gz
zr23059_5	/lunarc/nobackup/projects/snic2019-34-3/shared_elhaik_lab1/Projects/Microbiome/Malmo2025/fastq_files/zr23059_5_R1.fastq.gz	/lunarc/nobackup/projects/snic2019-34-3/shared_elhaik_lab1/Projects/Microbiome/Malmo2025/fastq_files/zr23059_5_R2.fastq.gz
zr23059_60	/lunarc/nobackup/projects/snic2019-34-3/shared_elhaik_lab1/Projects/Microbiome/Malmo2025/fastq_files/zr23059_60_R1.fastq.gz	/lunarc/nobackup/projects/snic2019-34-3/shared_elhaik_lab1/Projects/Microbiome/Malmo2025/fastq_files/zr23059_60_R2.fastq.gz
zr23059_61	/lunarc/nobackup/projects/snic2019-34-3/shared_elhaik_lab1/Projects/Microbiome/Malmo2025/fastq_files/zr23059_61_R1.fastq.gz	/lunarc/nobackup/projects/snic2019-34-3/shared_elhaik_lab1/Projects/Microbiome/Malmo2025/fastq_files/zr23059_61_R2.fastq.gz
zr23059_62	/lunarc/nobackup/projects/snic2019-34-3/shared_elhaik_lab1/Projects/Microbiome/Malmo2025/fastq_files/zr23059_62_R1.fastq.gz	/lunarc/nobackup/projects/snic2019-34-3/shared_elhaik_lab1/Projects/Microbiome/Malmo2025/fastq_files/zr23059_62_R2.fastq.gz
zr23059_63	/lunarc/nobackup/projects/snic2019-34-3/shared_elhaik_lab1/Projects/Microbiome/Malmo2025/fastq_files/zr23059_63_R1.fastq.gz	/lunarc/nobackup/projects/snic2019-34-3/shared_elhaik_lab1/Projects/Microbiome/Malmo2025/fastq_files/zr23059_63_R2.fastq.gz
zr23059_64	/lunarc/nobackup/projects/snic2019-34-3/shared_elhaik_lab1/Projects/Microbiome/Malmo2025/fastq_files/zr23059_64_R1.fastq.gz	/lunarc/nobackup/projects/snic2019-34-3/shared_elhaik_lab1/Projects/Microbiome/Malmo2025/fastq_files/zr23059_64_R2.fastq.gz
zr23059_65	/lunarc/nobackup/projects/snic2019-34-3/shared_elhaik_lab1/Projects/Microbiome/Malmo2025/fastq_files/zr23059_65_R1.fastq.gz	/lunarc/nobackup/projects/snic2019-34-3/shared_elhaik_lab1/Projects/Microbiome/Malmo2025/fastq_files/zr23059_65_R2.fastq.gz
zr23059_66	/lunarc/nobackup/projects/snic2019-34-3/shared_elhaik_lab1/Projects/Microbiome/Malmo2025/fastq_files/zr23059_66_R1.fastq.gz	/lunarc/nobackup/projects/snic2019-34-3/shared_elhaik_lab1/Projects/Microbiome/Malmo2025/fastq_files/zr23059_66_R2.fastq.gz
zr23059_67	/lunarc/nobackup/projects/snic2019-34-3/shared_elhaik_lab1/Projects/Microbiome/Malmo2025/fastq_files/zr23059_67_R1.fastq.gz	/lunarc/nobackup/projects/snic2019-34-3/shared_elhaik_lab1/Projects/Microbiome/Malmo2025/fastq_files/zr23059_67_R2.fastq.gz
zr23059_68	/lunarc/nobackup/projects/snic2019-34-3/shared_elhaik_lab1/Projects/Microbiome/Malmo2025/fastq_files/zr23059_68_R1.fastq.gz	/lunarc/nobackup/projects/snic2019-34-3/shared_elhaik_lab1/Projects/Microbiome/Malmo2025/fastq_files/zr23059_68_R2.fastq.gz
zr23059_69	/lunarc/nobackup/projects/snic2019-34-3/shared_elhaik_lab1/Projects/Microbiome/Malmo2025/fastq_files/zr23059_69_R1.fastq.gz	/lunarc/nobackup/projects/snic2019-34-3/shared_elhaik_lab1/Projects/Microbiome/Malmo2025/fastq_files/zr23059_69_R2.fastq.gz
zr23059_6	/lunarc/nobackup/projects/snic2019-34-3/shared_elhaik_lab1/Projects/Microbiome/Malmo2025/fastq_files/zr23059_6_R1.fastq.gz	/lunarc/nobackup/projects/snic2019-34-3/shared_elhaik_lab1/Projects/Microbiome/Malmo2025/fastq_files/zr23059_6_R2.fastq.gz
zr23059_70	/lunarc/nobackup/projects/snic2019-34-3/shared_elhaik_lab1/Projects/Microbiome/Malmo2025/fastq_files/zr23059_70_R1.fastq.gz	/lunarc/nobackup/projects/snic2019-34-3/shared_elhaik_lab1/Projects/Microbiome/Malmo2025/fastq_files/zr23059_70_R2.fastq.gz
zr23059_71	/lunarc/nobackup/projects/snic2019-34-3/shared_elhaik_lab1/Projects/Microbiome/Malmo2025/fastq_files/zr23059_71_R1.fastq.gz	/lunarc/nobackup/projects/snic2019-34-3/shared_elhaik_lab1/Projects/Microbiome/Malmo2025/fastq_files/zr23059_71_R2.fastq.gz
zr23059_72	/lunarc/nobackup/projects/snic2019-34-3/shared_elhaik_lab1/Projects/Microbiome/Malmo2025/fastq_files/zr23059_72_R1.fastq.gz	/lunarc/nobackup/projects/snic2019-34-3/shared_elhaik_lab1/Projects/Microbiome/Malmo2025/fastq_files/zr23059_72_R2.fastq.gz
zr23059_73	/lunarc/nobackup/projects/snic2019-34-3/shared_elhaik_lab1/Projects/Microbiome/Malmo2025/fastq_files/zr23059_73_R1.fastq.gz	/lunarc/nobackup/projects/snic2019-34-3/shared_elhaik_lab1/Projects/Microbiome/Malmo2025/fastq_files/zr23059_73_R2.fastq.gz
zr23059_74	/lunarc/nobackup/projects/snic2019-34-3/shared_elhaik_lab1/Projects/Microbiome/Malmo2025/fastq_files/zr23059_74_R1.fastq.gz	/lunarc/nobackup/projects/snic2019-34-3/shared_elhaik_lab1/Projects/Microbiome/Malmo2025/fastq_files/zr23059_74_R2.fastq.gz
zr23059_75	/lunarc/nobackup/projects/snic2019-34-3/shared_elhaik_lab1/Projects/Microbiome/Malmo2025/fastq_files/zr23059_75_R1.fastq.gz	/lunarc/nobackup/projects/snic2019-34-3/shared_elhaik_lab1/Projects/Microbiome/Malmo2025/fastq_files/zr23059_75_R2.fastq.gz
zr23059_76	/lunarc/nobackup/projects/snic2019-34-3/shared_elhaik_lab1/Projects/Microbiome/Malmo2025/fastq_files/zr23059_76_R1.fastq.gz	/lunarc/nobackup/projects/snic2019-34-3/shared_elhaik_lab1/Projects/Microbiome/Malmo2025/fastq_files/zr23059_76_R2.fastq.gz
zr23059_77	/lunarc/nobackup/projects/snic2019-34-3/shared_elhaik_lab1/Projects/Microbiome/Malmo2025/fastq_files/zr23059_77_R1.fastq.gz	/lunarc/nobackup/projects/snic2019-34-3/shared_elhaik_lab1/Projects/Microbiome/Malmo2025/fastq_files/zr23059_77_R2.fastq.gz
zr23059_78	/lunarc/nobackup/projects/snic2019-34-3/shared_elhaik_lab1/Projects/Microbiome/Malmo2025/fastq_files/zr23059_78_R1.fastq.gz	/lunarc/nobackup/projects/snic2019-34-3/shared_elhaik_lab1/Projects/Microbiome/Malmo2025/fastq_files/zr23059_78_R2.fastq.gz
zr23059_79	/lunarc/nobackup/projects/snic2019-34-3/shared_elhaik_lab1/Projects/Microbiome/Malmo2025/fastq_files/zr23059_79_R1.fastq.gz	/lunarc/nobackup/projects/snic2019-34-3/shared_elhaik_lab1/Projects/Microbiome/Malmo2025/fastq_files/zr23059_79_R2.fastq.gz
zr23059_7	/lunarc/nobackup/projects/snic2019-34-3/shared_elhaik_lab1/Projects/Microbiome/Malmo2025/fastq_files/zr23059_7_R1.fastq.gz	/lunarc/nobackup/projects/snic2019-34-3/shared_elhaik_lab1/Projects/Microbiome/Malmo2025/fastq_files/zr23059_7_R2.fastq.gz
zr23059_80	/lunarc/nobackup/projects/snic2019-34-3/shared_elhaik_lab1/Projects/Microbiome/Malmo2025/fastq_files/zr23059_80_R1.fastq.gz	/lunarc/nobackup/projects/snic2019-34-3/shared_elhaik_lab1/Projects/Microbiome/Malmo2025/fastq_files/zr23059_80_R2.fastq.gz
zr23059_81	/lunarc/nobackup/projects/snic2019-34-3/shared_elhaik_lab1/Projects/Microbiome/Malmo2025/fastq_files/zr23059_81_R1.fastq.gz	/lunarc/nobackup/projects/snic2019-34-3/shared_elhaik_lab1/Projects/Microbiome/Malmo2025/fastq_files/zr23059_81_R2.fastq.gz
zr23059_82	/lunarc/nobackup/projects/snic2019-34-3/shared_elhaik_lab1/Projects/Microbiome/Malmo2025/fastq_files/zr23059_82_R1.fastq.gz	/lunarc/nobackup/projects/snic2019-34-3/shared_elhaik_lab1/Projects/Microbiome/Malmo2025/fastq_files/zr23059_82_R2.fastq.gz
zr23059_83	/lunarc/nobackup/projects/snic2019-34-3/shared_elhaik_lab1/Projects/Microbiome/Malmo2025/fastq_files/zr23059_83_R1.fastq.gz	/lunarc/nobackup/projects/snic2019-34-3/shared_elhaik_lab1/Projects/Microbiome/Malmo2025/fastq_files/zr23059_83_R2.fastq.gz
zr23059_84	/lunarc/nobackup/projects/snic2019-34-3/shared_elhaik_lab1/Projects/Microbiome/Malmo2025/fastq_files/zr23059_84_R1.fastq.gz	/lunarc/nobackup/projects/snic2019-34-3/shared_elhaik_lab1/Projects/Microbiome/Malmo2025/fastq_files/zr23059_84_R2.fastq.gz
zr23059_85	/lunarc/nobackup/projects/snic2019-34-3/shared_elhaik_lab1/Projects/Microbiome/Malmo2025/fastq_files/zr23059_85_R1.fastq.gz	/lunarc/nobackup/projects/snic2019-34-3/shared_elhaik_lab1/Projects/Microbiome/Malmo2025/fastq_files/zr23059_85_R2.fastq.gz
zr23059_86	/lunarc/nobackup/projects/snic2019-34-3/shared_elhaik_lab1/Projects/Microbiome/Malmo2025/fastq_files/zr23059_86_R1.fastq.gz	/lunarc/nobackup/projects/snic2019-34-3/shared_elhaik_lab1/Projects/Microbiome/Malmo2025/fastq_files/zr23059_86_R2.fastq.gz
zr23059_87	/lunarc/nobackup/projects/snic2019-34-3/shared_elhaik_lab1/Projects/Microbiome/Malmo2025/fastq_files/zr23059_87_R1.fastq.gz	/lunarc/nobackup/projects/snic2019-34-3/shared_elhaik_lab1/Projects/Microbiome/Malmo2025/fastq_files/zr23059_87_R2.fastq.gz
zr23059_88	/lunarc/nobackup/projects/snic2019-34-3/shared_elhaik_lab1/Projects/Microbiome/Malmo2025/fastq_files/zr23059_88_R1.fastq.gz	/lunarc/nobackup/projects/snic2019-34-3/shared_elhaik_lab1/Projects/Microbiome/Malmo2025/fastq_files/zr23059_88_R2.fastq.gz
zr23059_89	/lunarc/nobackup/projects/snic2019-34-3/shared_elhaik_lab1/Projects/Microbiome/Malmo2025/fastq_files/zr23059_89_R1.fastq.gz	/lunarc/nobackup/projects/snic2019-34-3/shared_elhaik_lab1/Projects/Microbiome/Malmo2025/fastq_files/zr23059_89_R2.fastq.gz
zr23059_8	/lunarc/nobackup/projects/snic2019-34-3/shared_elhaik_lab1/Projects/Microbiome/Malmo2025/fastq_files/zr23059_8_R1.fastq.gz	/lunarc/nobackup/projects/snic2019-34-3/shared_elhaik_lab1/Projects/Microbiome/Malmo2025/fastq_files/zr23059_8_R2.fastq.gz
zr23059_90	/lunarc/nobackup/projects/snic2019-34-3/shared_elhaik_lab1/Projects/Microbiome/Malmo2025/fastq_files/zr23059_90_R1.fastq.gz	/lunarc/nobackup/projects/snic2019-34-3/shared_elhaik_lab1/Projects/Microbiome/Malmo2025/fastq_files/zr23059_90_R2.fastq.gz
zr23059_91	/lunarc/nobackup/projects/snic2019-34-3/shared_elhaik_lab1/Projects/Microbiome/Malmo2025/fastq_files/zr23059_91_R1.fastq.gz	/lunarc/nobackup/projects/snic2019-34-3/shared_elhaik_lab1/Projects/Microbiome/Malmo2025/fastq_files/zr23059_91_R2.fastq.gz
zr23059_92	/lunarc/nobackup/projects/snic2019-34-3/shared_elhaik_lab1/Projects/Microbiome/Malmo2025/fastq_files/zr23059_92_R1.fastq.gz	/lunarc/nobackup/projects/snic2019-34-3/shared_elhaik_lab1/Projects/Microbiome/Malmo2025/fastq_files/zr23059_92_R2.fastq.gz
zr23059_93	/lunarc/nobackup/projects/snic2019-34-3/shared_elhaik_lab1/Projects/Microbiome/Malmo2025/fastq_files/zr23059_93_R1.fastq.gz	/lunarc/nobackup/projects/snic2019-34-3/shared_elhaik_lab1/Projects/Microbiome/Malmo2025/fastq_files/zr23059_93_R2.fastq.gz
zr23059_94	/lunarc/nobackup/projects/snic2019-34-3/shared_elhaik_lab1/Projects/Microbiome/Malmo2025/fastq_files/zr23059_94_R1.fastq.gz	/lunarc/nobackup/projects/snic2019-34-3/shared_elhaik_lab1/Projects/Microbiome/Malmo2025/fastq_files/zr23059_94_R2.fastq.gz
zr23059_95	/lunarc/nobackup/projects/snic2019-34-3/shared_elhaik_lab1/Projects/Microbiome/Malmo2025/fastq_files/zr23059_95_R1.fastq.gz	/lunarc/nobackup/projects/snic2019-34-3/shared_elhaik_lab1/Projects/Microbiome/Malmo2025/fastq_files/zr23059_95_R2.fastq.gz
zr23059_96	/lunarc/nobackup/projects/snic2019-34-3/shared_elhaik_lab1/Projects/Microbiome/Malmo2025/fastq_files/zr23059_96_R1.fastq.gz	/lunarc/nobackup/projects/snic2019-34-3/shared_elhaik_lab1/Projects/Microbiome/Malmo2025/fastq_files/zr23059_96_R2.fastq.gz
zr23059_97	/lunarc/nobackup/projects/snic2019-34-3/shared_elhaik_lab1/Projects/Microbiome/Malmo2025/fastq_files/zr23059_97_R1.fastq.gz	/lunarc/nobackup/projects/snic2019-34-3/shared_elhaik_lab1/Projects/Microbiome/Malmo2025/fastq_files/zr23059_97_R2.fastq.gz
zr23059_98	/lunarc/nobackup/projects/snic2019-34-3/shared_elhaik_lab1/Projects/Microbiome/Malmo2025/fastq_files/zr23059_98_R1.fastq.gz	/lunarc/nobackup/projects/snic2019-34-3/shared_elhaik_lab1/Projects/Microbiome/Malmo2025/fastq_files/zr23059_98_R2.fastq.gz
zr23059_99	/lunarc/nobackup/projects/snic2019-34-3/shared_elhaik_lab1/Projects/Microbiome/Malmo2025/fastq_files/zr23059_99_R1.fastq.gz	/lunarc/nobackup/projects/snic2019-34-3/shared_elhaik_lab1/Projects/Microbiome/Malmo2025/fastq_files/zr23059_99_R2.fastq.gz
zr23059_9	/lunarc/nobackup/projects/snic2019-34-3/shared_elhaik_lab1/Projects/Microbiome/Malmo2025/fastq_files/zr23059_9_R1.fastq.gz	/lunarc/nobackup/projects/snic2019-34-3/shared_elhaik_lab1/Projects/Microbiome/Malmo2025/fastq_files/zr23059_9_R2.fastq.gz
